date,store_id,sku_id,opening_stock
2026-08-01,LKO01,SKU001,106
2026-08-01,LKO01,SKU002,80
2026-08-01,LKO01,SKU003,151
2026-08-01,LKO01,SKU004,136
2026-08-01,LKO01,SKU005,103
2026-08-01,LKO01,SKU006,140
2026-08-01,LKO01,SKU007,153
2026-08-01,LKO01,SKU008,94
2026-08-01,LKO01,SKU009,83
2026-08-01,LKO01,SKU010,102
2026-08-01,LKO01,SKU011,116
2026-08-01,LKO01,SKU012,83
2026-08-01,LKO01,SKU013,111
2026-08-01,LKO01,SKU014,107
2026-08-01,LKO01,SKU015,70
2026-08-01,LKO01,SKU016,147
2026-08-01,LKO01,SKU017,143
2026-08-01,LKO01,SKU018,89
2026-08-02,LKO01,SKU001,43
2026-08-02,LKO01,SKU002,36
2026-08-02,LKO01,SKU003,43
2026-08-02,LKO01,SKU004,18
2026-08-02,LKO01,SKU005,28
2026-08-02,LKO01,SKU006,15
2026-08-02,LKO01,SKU007,28
2026-08-02,LKO01,SKU008,30
2026-08-02,LKO01,SKU009,36
2026-08-02,LKO01,SKU010,28
2026-08-02,LKO01,SKU011,85
2026-08-02,LKO01,SKU012,34
2026-08-02,LKO01,SKU013,62
2026-08-02,LKO01,SKU014,71
2026-08-02,LKO01,SKU015,50
2026-08-02,LKO01,SKU016,156
2026-08-02,LKO01,SKU017,158
2026-08-02,LKO01,SKU018,97
2026-08-03,LKO01,SKU001,29
2026-08-03,LKO01,SKU002,43
2026-08-03,LKO01,SKU003,35
2026-08-03,LKO01,SKU004,25
2026-08-03,LKO01,SKU005,40
2026-08-03,LKO01,SKU006,42
2026-08-03,LKO01,SKU007,30
2026-08-03,LKO01,SKU008,39
2026-08-03,LKO01,SKU009,36
2026-08-03,LKO01,SKU010,42
2026-08-03,LKO01,SKU011,41
2026-08-03,LKO01,SKU012,38
2026-08-03,LKO01,SKU013,44
2026-08-03,LKO01,SKU014,46
2026-08-03,LKO01,SKU015,60
2026-08-03,LKO01,SKU016,185
2026-08-03,LKO01,SKU017,171
2026-08-03,LKO01,SKU018,118
2026-08-04,LKO01,SKU001,32
2026-08-04,LKO01,SKU002,43
2026-08-04,LKO01,SKU003,15
2026-08-04,LKO01,SKU004,34
2026-08-04,LKO01,SKU005,35
2026-08-04,LKO01,SKU006,43
2026-08-04,LKO01,SKU007,20
2026-08-04,LKO01,SKU008,19
2026-08-04,LKO01,SKU009,15
2026-08-04,LKO01,SKU010,33
2026-08-04,LKO01,SKU011,15
2026-08-04,LKO01,SKU012,41
2026-08-04,LKO01,SKU013,35
2026-08-04,LKO01,SKU014,41
2026-08-04,LKO01,SKU015,59
2026-08-04,LKO01,SKU016,205
2026-08-04,LKO01,SKU017,193
2026-08-04,LKO01,SKU018,146
2026-08-05,LKO01,SKU001,24
2026-08-05,LKO01,SKU002,16
2026-08-05,LKO01,SKU003,23
2026-08-05,LKO01,SKU004,38
2026-08-05,LKO01,SKU005,37
2026-08-05,LKO01,SKU006,17
2026-08-05,LKO01,SKU007,32
2026-08-05,LKO01,SKU008,21
2026-08-05,LKO01,SKU009,29
2026-08-05,LKO01,SKU010,35
2026-08-05,LKO01,SKU011,36
2026-08-05,LKO01,SKU012,34
2026-08-05,LKO01,SKU013,36
2026-08-05,LKO01,SKU014,41
2026-08-05,LKO01,SKU015,50
2026-08-05,LKO01,SKU016,239
2026-08-05,LKO01,SKU017,225
2026-08-05,LKO01,SKU018,174
2026-08-06,LKO01,SKU001,42
2026-08-06,LKO01,SKU002,26
2026-08-06,LKO01,SKU003,24
2026-08-06,LKO01,SKU004,32
2026-08-06,LKO01,SKU005,32
2026-08-06,LKO01,SKU006,18
2026-08-06,LKO01,SKU007,23
2026-08-06,LKO01,SKU008,21
2026-08-06,LKO01,SKU009,32
2026-08-06,LKO01,SKU010,22
2026-08-06,LKO01,SKU011,25
2026-08-06,LKO01,SKU012,21
2026-08-06,LKO01,SKU013,23
2026-08-06,LKO01,SKU014,31
2026-08-06,LKO01,SKU015,39
2026-08-06,LKO01,SKU016,266
2026-08-06,LKO01,SKU017,226
2026-08-06,LKO01,SKU018,192
2026-08-07,LKO01,SKU001,21
2026-08-07,LKO01,SKU002,35
2026-08-07,LKO01,SKU003,35
2026-08-07,LKO01,SKU004,44
2026-08-07,LKO01,SKU005,19
2026-08-07,LKO01,SKU006,37
2026-08-07,LKO01,SKU007,39
2026-08-07,LKO01,SKU008,41
2026-08-07,LKO01,SKU009,38
2026-08-07,LKO01,SKU010,36
2026-08-07,LKO01,SKU011,21
2026-08-07,LKO01,SKU012,39
2026-08-07,LKO01,SKU013,44
2026-08-07,LKO01,SKU014,41
2026-08-07,LKO01,SKU015,49
2026-08-07,LKO01,SKU016,288
2026-08-07,LKO01,SKU017,223
2026-08-07,LKO01,SKU018,225
2026-08-08,LKO01,SKU001,34
2026-08-08,LKO01,SKU002,42
2026-08-08,LKO01,SKU003,39
2026-08-08,LKO01,SKU004,25
2026-08-08,LKO01,SKU005,33
2026-08-08,LKO01,SKU006,42
2026-08-08,LKO01,SKU007,15
2026-08-08,LKO01,SKU008,41
2026-08-08,LKO01,SKU009,19
2026-08-08,LKO01,SKU010,24
2026-08-08,LKO01,SKU011,24
2026-08-08,LKO01,SKU012,28
2026-08-08,LKO01,SKU013,17
2026-08-08,LKO01,SKU014,32
2026-08-08,LKO01,SKU015,32
2026-08-08,LKO01,SKU016,312
2026-08-08,LKO01,SKU017,240
2026-08-08,LKO01,SKU018,247
2026-08-09,LKO01,SKU001,22
2026-08-09,LKO01,SKU002,33
2026-08-09,LKO01,SKU003,43
2026-08-09,LKO01,SKU004,23
2026-08-09,LKO01,SKU005,25
2026-08-09,LKO01,SKU006,27
2026-08-09,LKO01,SKU007,27
2026-08-09,LKO01,SKU008,41
2026-08-09,LKO01,SKU009,38
2026-08-09,LKO01,SKU010,33
2026-08-09,LKO01,SKU011,40
2026-08-09,LKO01,SKU012,35
2026-08-09,LKO01,SKU013,33
2026-08-09,LKO01,SKU014,19
2026-08-09,LKO01,SKU015,30
2026-08-09,LKO01,SKU016,326
2026-08-09,LKO01,SKU017,257
2026-08-09,LKO01,SKU018,262
2026-08-10,LKO01,SKU001,30
2026-08-10,LKO01,SKU002,33
2026-08-10,LKO01,SKU003,25
2026-08-10,LKO01,SKU004,35
2026-08-10,LKO01,SKU005,29
2026-08-10,LKO01,SKU006,40
2026-08-10,LKO01,SKU007,38
2026-08-10,LKO01,SKU008,23
2026-08-10,LKO01,SKU009,38
2026-08-10,LKO01,SKU010,33
2026-08-10,LKO01,SKU011,39
2026-08-10,LKO01,SKU012,33
2026-08-10,LKO01,SKU013,38
2026-08-10,LKO01,SKU014,40
2026-08-10,LKO01,SKU015,26
2026-08-10,LKO01,SKU016,351
2026-08-10,LKO01,SKU017,261
2026-08-10,LKO01,SKU018,275
2026-08-11,LKO01,SKU001,33
2026-08-11,LKO01,SKU002,36
2026-08-11,LKO01,SKU003,33
2026-08-11,LKO01,SKU004,25
2026-08-11,LKO01,SKU005,41
2026-08-11,LKO01,SKU006,22
2026-08-11,LKO01,SKU007,19
2026-08-11,LKO01,SKU008,34
2026-08-11,LKO01,SKU009,23
2026-08-11,LKO01,SKU010,29
2026-08-11,LKO01,SKU011,35
2026-08-11,LKO01,SKU012,42
2026-08-11,LKO01,SKU013,28
2026-08-11,LKO01,SKU014,19
2026-08-11,LKO01,SKU015,40
2026-08-11,LKO01,SKU016,383
2026-08-11,LKO01,SKU017,264
2026-08-11,LKO01,SKU018,298
2026-08-12,LKO01,SKU001,39
2026-08-12,LKO01,SKU002,35
2026-08-12,LKO01,SKU003,17
2026-08-12,LKO01,SKU004,20
2026-08-12,LKO01,SKU005,19
2026-08-12,LKO01,SKU006,31
2026-08-12,LKO01,SKU007,32
2026-08-12,LKO01,SKU008,26
2026-08-12,LKO01,SKU009,19
2026-08-12,LKO01,SKU010,44
2026-08-12,LKO01,SKU011,23
2026-08-12,LKO01,SKU012,26
2026-08-12,LKO01,SKU013,34
2026-08-12,LKO01,SKU014,23
2026-08-12,LKO01,SKU015,28
2026-08-12,LKO01,SKU016,392
2026-08-12,LKO01,SKU017,277
2026-08-12,LKO01,SKU018,322
2026-08-13,LKO01,SKU001,18
2026-08-13,LKO01,SKU002,15
2026-08-13,LKO01,SKU003,25
2026-08-13,LKO01,SKU004,44
2026-08-13,LKO01,SKU005,19
2026-08-13,LKO01,SKU006,33
2026-08-13,LKO01,SKU007,33
2026-08-13,LKO01,SKU008,18
2026-08-13,LKO01,SKU009,16
2026-08-13,LKO01,SKU010,21
2026-08-13,LKO01,SKU011,42
2026-08-13,LKO01,SKU012,27
2026-08-13,LKO01,SKU013,44
2026-08-13,LKO01,SKU014,35
2026-08-13,LKO01,SKU015,36
2026-08-13,LKO01,SKU016,435
2026-08-13,LKO01,SKU017,269
2026-08-13,LKO01,SKU018,353
2026-08-14,LKO01,SKU001,33
2026-08-14,LKO01,SKU002,36
2026-08-14,LKO01,SKU003,18
2026-08-14,LKO01,SKU004,22
2026-08-14,LKO01,SKU005,28
2026-08-14,LKO01,SKU006,34
2026-08-14,LKO01,SKU007,38
2026-08-14,LKO01,SKU008,28
2026-08-14,LKO01,SKU009,42
2026-08-14,LKO01,SKU010,30
2026-08-14,LKO01,SKU011,36
2026-08-14,LKO01,SKU012,26
2026-08-14,LKO01,SKU013,33
2026-08-14,LKO01,SKU014,34
2026-08-14,LKO01,SKU015,43
2026-08-14,LKO01,SKU016,448
2026-08-14,LKO01,SKU017,273
2026-08-14,LKO01,SKU018,390
2026-08-15,LKO01,SKU001,33
2026-08-15,LKO01,SKU002,43
2026-08-15,LKO01,SKU003,25
2026-08-15,LKO01,SKU004,29
2026-08-15,LKO01,SKU005,29
2026-08-15,LKO01,SKU006,20
2026-08-15,LKO01,SKU007,29
2026-08-15,LKO01,SKU008,43
2026-08-15,LKO01,SKU009,23
2026-08-15,LKO01,SKU010,19
2026-08-15,LKO01,SKU011,39
2026-08-15,LKO01,SKU012,38
2026-08-15,LKO01,SKU013,43
2026-08-15,LKO01,SKU014,48
2026-08-15,LKO01,SKU015,59
2026-08-15,LKO01,SKU016,459
2026-08-15,LKO01,SKU017,292
2026-08-15,LKO01,SKU018,408
2026-08-16,LKO01,SKU001,29
2026-08-16,LKO01,SKU002,30
2026-08-16,LKO01,SKU003,34
2026-08-16,LKO01,SKU004,17
2026-08-16,LKO01,SKU005,41
2026-08-16,LKO01,SKU006,19
2026-08-16,LKO01,SKU007,17
2026-08-16,LKO01,SKU008,41
2026-08-16,LKO01,SKU009,42
2026-08-16,LKO01,SKU010,16
2026-08-16,LKO01,SKU011,16
2026-08-16,LKO01,SKU012,18
2026-08-16,LKO01,SKU013,17
2026-08-16,LKO01,SKU014,41
2026-08-16,LKO01,SKU015,70
2026-08-16,LKO01,SKU016,490
2026-08-16,LKO01,SKU017,305
2026-08-16,LKO01,SKU018,438
2026-08-17,LKO01,SKU001,26
2026-08-17,LKO01,SKU002,22
2026-08-17,LKO01,SKU003,36
2026-08-17,LKO01,SKU004,36
2026-08-17,LKO01,SKU005,41
2026-08-17,LKO01,SKU006,23
2026-08-17,LKO01,SKU007,34
2026-08-17,LKO01,SKU008,23
2026-08-17,LKO01,SKU009,31
2026-08-17,LKO01,SKU010,41
2026-08-17,LKO01,SKU011,39
2026-08-17,LKO01,SKU012,15
2026-08-17,LKO01,SKU013,37
2026-08-17,LKO01,SKU014,22
2026-08-17,LKO01,SKU015,60
2026-08-17,LKO01,SKU016,506
2026-08-17,LKO01,SKU017,314
2026-08-17,LKO01,SKU018,439
2026-08-18,LKO01,SKU001,18
2026-08-18,LKO01,SKU002,22
2026-08-18,LKO01,SKU003,42
2026-08-18,LKO01,SKU004,27
2026-08-18,LKO01,SKU005,38
2026-08-18,LKO01,SKU006,28
2026-08-18,LKO01,SKU007,32
2026-08-18,LKO01,SKU008,37
2026-08-18,LKO01,SKU009,43
2026-08-18,LKO01,SKU010,31
2026-08-18,LKO01,SKU011,32
2026-08-18,LKO01,SKU012,28
2026-08-18,LKO01,SKU013,39
2026-08-18,LKO01,SKU014,25
2026-08-18,LKO01,SKU015,62
2026-08-18,LKO01,SKU016,524
2026-08-18,LKO01,SKU017,341
2026-08-18,LKO01,SKU018,465
2026-08-19,LKO01,SKU001,39
2026-08-19,LKO01,SKU002,18
2026-08-19,LKO01,SKU003,28
2026-08-19,LKO01,SKU004,34
2026-08-19,LKO01,SKU005,38
2026-08-19,LKO01,SKU006,34
2026-08-19,LKO01,SKU007,21
2026-08-19,LKO01,SKU008,18
2026-08-19,LKO01,SKU009,41
2026-08-19,LKO01,SKU010,31
2026-08-19,LKO01,SKU011,40
2026-08-19,LKO01,SKU012,23
2026-08-19,LKO01,SKU013,18
2026-08-19,LKO01,SKU014,19
2026-08-19,LKO01,SKU015,67
2026-08-19,LKO01,SKU016,543
2026-08-19,LKO01,SKU017,348
2026-08-19,LKO01,SKU018,495
2026-08-20,LKO01,SKU001,22
2026-08-20,LKO01,SKU002,25
2026-08-20,LKO01,SKU003,30
2026-08-20,LKO01,SKU004,40
2026-08-20,LKO01,SKU005,17
2026-08-20,LKO01,SKU006,29
2026-08-20,LKO01,SKU007,27
2026-08-20,LKO01,SKU008,25
2026-08-20,LKO01,SKU009,28
2026-08-20,LKO01,SKU010,21
2026-08-20,LKO01,SKU011,33
2026-08-20,LKO01,SKU012,29
2026-08-20,LKO01,SKU013,20
2026-08-20,LKO01,SKU014,34
2026-08-20,LKO01,SKU015,78
2026-08-20,LKO01,SKU016,560
2026-08-20,LKO01,SKU017,368
2026-08-20,LKO01,SKU018,510
2026-08-21,LKO01,SKU001,33
2026-08-21,LKO01,SKU002,20
2026-08-21,LKO01,SKU003,25
2026-08-21,LKO01,SKU004,44
2026-08-21,LKO01,SKU005,32
2026-08-21,LKO01,SKU006,28
2026-08-21,LKO01,SKU007,30
2026-08-21,LKO01,SKU008,15
2026-08-21,LKO01,SKU009,38
2026-08-21,LKO01,SKU010,41
2026-08-21,LKO01,SKU011,24
2026-08-21,LKO01,SKU012,39
2026-08-21,LKO01,SKU013,24
2026-08-21,LKO01,SKU014,27
2026-08-21,LKO01,SKU015,95
2026-08-21,LKO01,SKU016,565
2026-08-21,LKO01,SKU017,365
2026-08-21,LKO01,SKU018,527
2026-08-22,LKO01,SKU001,23
2026-08-22,LKO01,SKU002,44
2026-08-22,LKO01,SKU003,22
2026-08-22,LKO01,SKU004,24
2026-08-22,LKO01,SKU005,16
2026-08-22,LKO01,SKU006,24
2026-08-22,LKO01,SKU007,25
2026-08-22,LKO01,SKU008,37
2026-08-22,LKO01,SKU009,25
2026-08-22,LKO01,SKU010,19
2026-08-22,LKO01,SKU011,28
2026-08-22,LKO01,SKU012,37
2026-08-22,LKO01,SKU013,17
2026-08-22,LKO01,SKU014,34
2026-08-22,LKO01,SKU015,111
2026-08-22,LKO01,SKU016,576
2026-08-22,LKO01,SKU017,383
2026-08-22,LKO01,SKU018,528
2026-08-23,LKO01,SKU001,22
2026-08-23,LKO01,SKU002,32
2026-08-23,LKO01,SKU003,39
2026-08-23,LKO01,SKU004,16
2026-08-23,LKO01,SKU005,30
2026-08-23,LKO01,SKU006,22
2026-08-23,LKO01,SKU007,30
2026-08-23,LKO01,SKU008,22
2026-08-23,LKO01,SKU009,37
2026-08-23,LKO01,SKU010,44
2026-08-23,LKO01,SKU011,27
2026-08-23,LKO01,SKU012,40
2026-08-23,LKO01,SKU013,20
2026-08-23,LKO01,SKU014,19
2026-08-23,LKO01,SKU015,91
2026-08-23,LKO01,SKU016,586
2026-08-23,LKO01,SKU017,386
2026-08-23,LKO01,SKU018,554
2026-08-24,LKO01,SKU001,18
2026-08-24,LKO01,SKU002,27
2026-08-24,LKO01,SKU003,43
2026-08-24,LKO01,SKU004,19
2026-08-24,LKO01,SKU005,40
2026-08-24,LKO01,SKU006,25
2026-08-24,LKO01,SKU007,30
2026-08-24,LKO01,SKU008,34
2026-08-24,LKO01,SKU009,32
2026-08-24,LKO01,SKU010,42
2026-08-24,LKO01,SKU011,29
2026-08-24,LKO01,SKU012,39
2026-08-24,LKO01,SKU013,15
2026-08-24,LKO01,SKU014,22
2026-08-24,LKO01,SKU015,85
2026-08-24,LKO01,SKU016,600
2026-08-24,LKO01,SKU017,398
2026-08-24,LKO01,SKU018,560
2026-08-25,LKO01,SKU001,34
2026-08-25,LKO01,SKU002,17
2026-08-25,LKO01,SKU003,15
2026-08-25,LKO01,SKU004,38
2026-08-25,LKO01,SKU005,32
2026-08-25,LKO01,SKU006,25
2026-08-25,LKO01,SKU007,38
2026-08-25,LKO01,SKU008,26
2026-08-25,LKO01,SKU009,15
2026-08-25,LKO01,SKU010,20
2026-08-25,LKO01,SKU011,30
2026-08-25,LKO01,SKU012,34
2026-08-25,LKO01,SKU013,17
2026-08-25,LKO01,SKU014,31
2026-08-25,LKO01,SKU015,98
2026-08-25,LKO01,SKU016,625
2026-08-25,LKO01,SKU017,401
2026-08-25,LKO01,SKU018,584
2026-08-26,LKO01,SKU001,44
2026-08-26,LKO01,SKU002,35
2026-08-26,LKO01,SKU003,40
2026-08-26,LKO01,SKU004,25
2026-08-26,LKO01,SKU005,17
2026-08-26,LKO01,SKU006,20
2026-08-26,LKO01,SKU007,31
2026-08-26,LKO01,SKU008,21
2026-08-26,LKO01,SKU009,20
2026-08-26,LKO01,SKU010,35
2026-08-26,LKO01,SKU011,27
2026-08-26,LKO01,SKU012,28
2026-08-26,LKO01,SKU013,33
2026-08-26,LKO01,SKU014,22
2026-08-26,LKO01,SKU015,101
2026-08-26,LKO01,SKU016,655
2026-08-26,LKO01,SKU017,409
2026-08-26,LKO01,SKU018,611
2026-08-27,LKO01,SKU001,19
2026-08-27,LKO01,SKU002,16
2026-08-27,LKO01,SKU003,31
2026-08-27,LKO01,SKU004,31
2026-08-27,LKO01,SKU005,34
2026-08-27,LKO01,SKU006,29
2026-08-27,LKO01,SKU007,18
2026-08-27,LKO01,SKU008,36
2026-08-27,LKO01,SKU009,25
2026-08-27,LKO01,SKU010,37
2026-08-27,LKO01,SKU011,15
2026-08-27,LKO01,SKU012,24
2026-08-27,LKO01,SKU013,32
2026-08-27,LKO01,SKU014,29
2026-08-27,LKO01,SKU015,113
2026-08-27,LKO01,SKU016,690
2026-08-27,LKO01,SKU017,410
2026-08-27,LKO01,SKU018,622
2026-08-28,LKO01,SKU001,23
2026-08-28,LKO01,SKU002,18
2026-08-28,LKO01,SKU003,21
2026-08-28,LKO01,SKU004,19
2026-08-28,LKO01,SKU005,21
2026-08-28,LKO01,SKU006,42
2026-08-28,LKO01,SKU007,22
2026-08-28,LKO01,SKU008,28
2026-08-28,LKO01,SKU009,38
2026-08-28,LKO01,SKU010,24
2026-08-28,LKO01,SKU011,20
2026-08-28,LKO01,SKU012,19
2026-08-28,LKO01,SKU013,29
2026-08-28,LKO01,SKU014,30
2026-08-28,LKO01,SKU015,127
2026-08-28,LKO01,SKU016,700
2026-08-28,LKO01,SKU017,437
2026-08-28,LKO01,SKU018,641
2026-08-29,LKO01,SKU001,44
2026-08-29,LKO01,SKU002,42
2026-08-29,LKO01,SKU003,23
2026-08-29,LKO01,SKU004,26
2026-08-29,LKO01,SKU005,39
2026-08-29,LKO01,SKU006,19
2026-08-29,LKO01,SKU007,35
2026-08-29,LKO01,SKU008,33
2026-08-29,LKO01,SKU009,21
2026-08-29,LKO01,SKU010,21
2026-08-29,LKO01,SKU011,33
2026-08-29,LKO01,SKU012,22
2026-08-29,LKO01,SKU013,20
2026-08-29,LKO01,SKU014,18
2026-08-29,LKO01,SKU015,145
2026-08-29,LKO01,SKU016,712
2026-08-29,LKO01,SKU017,439
2026-08-29,LKO01,SKU018,664
2026-08-30,LKO01,SKU001,26
2026-08-30,LKO01,SKU002,23
2026-08-30,LKO01,SKU003,38
2026-08-30,LKO01,SKU004,22
2026-08-30,LKO01,SKU005,23
2026-08-30,LKO01,SKU006,35
2026-08-30,LKO01,SKU007,27
2026-08-30,LKO01,SKU008,41
2026-08-30,LKO01,SKU009,43
2026-08-30,LKO01,SKU010,23
2026-08-30,LKO01,SKU011,20
2026-08-30,LKO01,SKU012,43
2026-08-30,LKO01,SKU013,44
2026-08-30,LKO01,SKU014,20
2026-08-30,LKO01,SKU015,146
2026-08-30,LKO01,SKU016,729
2026-08-30,LKO01,SKU017,440
2026-08-30,LKO01,SKU018,694
2026-08-01,LKO02,SKU001,107
2026-08-01,LKO02,SKU002,100
2026-08-01,LKO02,SKU003,118
2026-08-01,LKO02,SKU004,115
2026-08-01,LKO02,SKU005,130
2026-08-01,LKO02,SKU006,92
2026-08-01,LKO02,SKU007,120
2026-08-01,LKO02,SKU008,89
2026-08-01,LKO02,SKU009,83
2026-08-01,LKO02,SKU010,105
2026-08-01,LKO02,SKU011,80
2026-08-01,LKO02,SKU012,73
2026-08-01,LKO02,SKU013,123
2026-08-01,LKO02,SKU014,103
2026-08-01,LKO02,SKU015,134
2026-08-01,LKO02,SKU016,94
2026-08-01,LKO02,SKU017,85
2026-08-01,LKO02,SKU018,94
2026-08-02,LKO02,SKU001,38
2026-08-02,LKO02,SKU002,43
2026-08-02,LKO02,SKU003,27
2026-08-02,LKO02,SKU004,23
2026-08-02,LKO02,SKU005,32
2026-08-02,LKO02,SKU006,44
2026-08-02,LKO02,SKU007,28
2026-08-02,LKO02,SKU008,38
2026-08-02,LKO02,SKU009,20
2026-08-02,LKO02,SKU010,34
2026-08-02,LKO02,SKU011,28
2026-08-02,LKO02,SKU012,18
2026-08-02,LKO02,SKU013,99
2026-08-02,LKO02,SKU014,79
2026-08-02,LKO02,SKU015,141
2026-08-02,LKO02,SKU016,106
2026-08-02,LKO02,SKU017,76
2026-08-02,LKO02,SKU018,102
2026-08-03,LKO02,SKU001,32
2026-08-03,LKO02,SKU002,18
2026-08-03,LKO02,SKU003,30
2026-08-03,LKO02,SKU004,32
2026-08-03,LKO02,SKU005,33
2026-08-03,LKO02,SKU006,30
2026-08-03,LKO02,SKU007,35
2026-08-03,LKO02,SKU008,17
2026-08-03,LKO02,SKU009,31
2026-08-03,LKO02,SKU010,41
2026-08-03,LKO02,SKU011,17
2026-08-03,LKO02,SKU012,27
2026-08-03,LKO02,SKU013,59
2026-08-03,LKO02,SKU014,73
2026-08-03,LKO02,SKU015,128
2026-08-03,LKO02,SKU016,131
2026-08-03,LKO02,SKU017,78
2026-08-03,LKO02,SKU018,106
2026-08-04,LKO02,SKU001,30
2026-08-04,LKO02,SKU002,15
2026-08-04,LKO02,SKU003,20
2026-08-04,LKO02,SKU004,27
2026-08-04,LKO02,SKU005,15
2026-08-04,LKO02,SKU006,27
2026-08-04,LKO02,SKU007,19
2026-08-04,LKO02,SKU008,17
2026-08-04,LKO02,SKU009,26
2026-08-04,LKO02,SKU010,40
2026-08-04,LKO02,SKU011,24
2026-08-04,LKO02,SKU012,23
2026-08-04,LKO02,SKU013,39
2026-08-04,LKO02,SKU014,68
2026-08-04,LKO02,SKU015,120
2026-08-04,LKO02,SKU016,147
2026-08-04,LKO02,SKU017,95
2026-08-04,LKO02,SKU018,118
2026-08-05,LKO02,SKU001,27
2026-08-05,LKO02,SKU002,33
2026-08-05,LKO02,SKU003,17
2026-08-05,LKO02,SKU004,34
2026-08-05,LKO02,SKU005,44
2026-08-05,LKO02,SKU006,32
2026-08-05,LKO02,SKU007,26
2026-08-05,LKO02,SKU008,26
2026-08-05,LKO02,SKU009,35
2026-08-05,LKO02,SKU010,26
2026-08-05,LKO02,SKU011,44
2026-08-05,LKO02,SKU012,38
2026-08-05,LKO02,SKU013,45
2026-08-05,LKO02,SKU014,81
2026-08-05,LKO02,SKU015,114
2026-08-05,LKO02,SKU016,165
2026-08-05,LKO02,SKU017,96
2026-08-05,LKO02,SKU018,140
2026-08-06,LKO02,SKU001,22
2026-08-06,LKO02,SKU002,20
2026-08-06,LKO02,SKU003,39
2026-08-06,LKO02,SKU004,18
2026-08-06,LKO02,SKU005,42
2026-08-06,LKO02,SKU006,19
2026-08-06,LKO02,SKU007,39
2026-08-06,LKO02,SKU008,39
2026-08-06,LKO02,SKU009,32
2026-08-06,LKO02,SKU010,16
2026-08-06,LKO02,SKU011,41
2026-08-06,LKO02,SKU012,36
2026-08-06,LKO02,SKU013,52
2026-08-06,LKO02,SKU014,85
2026-08-06,LKO02,SKU015,126
2026-08-06,LKO02,SKU016,196
2026-08-06,LKO02,SKU017,100
2026-08-06,LKO02,SKU018,147
2026-08-07,LKO02,SKU001,18
2026-08-07,LKO02,SKU002,41
2026-08-07,LKO02,SKU003,32
2026-08-07,LKO02,SKU004,41
2026-08-07,LKO02,SKU005,32
2026-08-07,LKO02,SKU006,22
2026-08-07,LKO02,SKU007,16
2026-08-07,LKO02,SKU008,30
2026-08-07,LKO02,SKU009,28
2026-08-07,LKO02,SKU010,40
2026-08-07,LKO02,SKU011,37
2026-08-07,LKO02,SKU012,15
2026-08-07,LKO02,SKU013,36
2026-08-07,LKO02,SKU014,76
2026-08-07,LKO02,SKU015,135
2026-08-07,LKO02,SKU016,209
2026-08-07,LKO02,SKU017,120
2026-08-07,LKO02,SKU018,159
2026-08-08,LKO02,SKU001,15
2026-08-08,LKO02,SKU002,34
2026-08-08,LKO02,SKU003,19
2026-08-08,LKO02,SKU004,27
2026-08-08,LKO02,SKU005,40
2026-08-08,LKO02,SKU006,34
2026-08-08,LKO02,SKU007,27
2026-08-08,LKO02,SKU008,37
2026-08-08,LKO02,SKU009,43
2026-08-08,LKO02,SKU010,32
2026-08-08,LKO02,SKU011,16
2026-08-08,LKO02,SKU012,41
2026-08-08,LKO02,SKU013,32
2026-08-08,LKO02,SKU014,69
2026-08-08,LKO02,SKU015,121
2026-08-08,LKO02,SKU016,238
2026-08-08,LKO02,SKU017,146
2026-08-08,LKO02,SKU018,173
2026-08-09,LKO02,SKU001,41
2026-08-09,LKO02,SKU002,37
2026-08-09,LKO02,SKU003,44
2026-08-09,LKO02,SKU004,18
2026-08-09,LKO02,SKU005,39
2026-08-09,LKO02,SKU006,39
2026-08-09,LKO02,SKU007,30
2026-08-09,LKO02,SKU008,20
2026-08-09,LKO02,SKU009,24
2026-08-09,LKO02,SKU010,43
2026-08-09,LKO02,SKU011,35
2026-08-09,LKO02,SKU012,21
2026-08-09,LKO02,SKU013,19
2026-08-09,LKO02,SKU014,68
2026-08-09,LKO02,SKU015,121
2026-08-09,LKO02,SKU016,258
2026-08-09,LKO02,SKU017,161
2026-08-09,LKO02,SKU018,194
2026-08-10,LKO02,SKU001,28
2026-08-10,LKO02,SKU002,21
2026-08-10,LKO02,SKU003,43
2026-08-10,LKO02,SKU004,30
2026-08-10,LKO02,SKU005,37
2026-08-10,LKO02,SKU006,22
2026-08-10,LKO02,SKU007,43
2026-08-10,LKO02,SKU008,41
2026-08-10,LKO02,SKU009,25
2026-08-10,LKO02,SKU010,15
2026-08-10,LKO02,SKU011,31
2026-08-10,LKO02,SKU012,21
2026-08-10,LKO02,SKU013,32
2026-08-10,LKO02,SKU014,59
2026-08-10,LKO02,SKU015,122
2026-08-10,LKO02,SKU016,291
2026-08-10,LKO02,SKU017,179
2026-08-10,LKO02,SKU018,211
2026-08-11,LKO02,SKU001,43
2026-08-11,LKO02,SKU002,34
2026-08-11,LKO02,SKU003,32
2026-08-11,LKO02,SKU004,35
2026-08-11,LKO02,SKU005,22
2026-08-11,LKO02,SKU006,15
2026-08-11,LKO02,SKU007,20
2026-08-11,LKO02,SKU008,32
2026-08-11,LKO02,SKU009,16
2026-08-11,LKO02,SKU010,22
2026-08-11,LKO02,SKU011,20
2026-08-11,LKO02,SKU012,20
2026-08-11,LKO02,SKU013,36
2026-08-11,LKO02,SKU014,67
2026-08-11,LKO02,SKU015,121
2026-08-11,LKO02,SKU016,325
2026-08-11,LKO02,SKU017,183
2026-08-11,LKO02,SKU018,235
2026-08-12,LKO02,SKU001,23
2026-08-12,LKO02,SKU002,40
2026-08-12,LKO02,SKU003,42
2026-08-12,LKO02,SKU004,32
2026-08-12,LKO02,SKU005,27
2026-08-12,LKO02,SKU006,22
2026-08-12,LKO02,SKU007,25
2026-08-12,LKO02,SKU008,21
2026-08-12,LKO02,SKU009,21
2026-08-12,LKO02,SKU010,43
2026-08-12,LKO02,SKU011,17
2026-08-12,LKO02,SKU012,30
2026-08-12,LKO02,SKU013,30
2026-08-12,LKO02,SKU014,61
2026-08-12,LKO02,SKU015,130
2026-08-12,LKO02,SKU016,343
2026-08-12,LKO02,SKU017,193
2026-08-12,LKO02,SKU018,242
2026-08-13,LKO02,SKU001,21
2026-08-13,LKO02,SKU002,25
2026-08-13,LKO02,SKU003,15
2026-08-13,LKO02,SKU004,35
2026-08-13,LKO02,SKU005,32
2026-08-13,LKO02,SKU006,21
2026-08-13,LKO02,SKU007,42
2026-08-13,LKO02,SKU008,42
2026-08-13,LKO02,SKU009,27
2026-08-13,LKO02,SKU010,17
2026-08-13,LKO02,SKU011,23
2026-08-13,LKO02,SKU012,31
2026-08-13,LKO02,SKU013,16
2026-08-13,LKO02,SKU014,50
2026-08-13,LKO02,SKU015,121
2026-08-13,LKO02,SKU016,353
2026-08-13,LKO02,SKU017,210
2026-08-13,LKO02,SKU018,261
2026-08-14,LKO02,SKU001,41
2026-08-14,LKO02,SKU002,27
2026-08-14,LKO02,SKU003,44
2026-08-14,LKO02,SKU004,33
2026-08-14,LKO02,SKU005,17
2026-08-14,LKO02,SKU006,34
2026-08-14,LKO02,SKU007,17
2026-08-14,LKO02,SKU008,30
2026-08-14,LKO02,SKU009,44
2026-08-14,LKO02,SKU010,26
2026-08-14,LKO02,SKU011,32
2026-08-14,LKO02,SKU012,43
2026-08-14,LKO02,SKU013,44
2026-08-14,LKO02,SKU014,54
2026-08-14,LKO02,SKU015,122
2026-08-14,LKO02,SKU016,382
2026-08-14,LKO02,SKU017,234
2026-08-14,LKO02,SKU018,292
2026-08-15,LKO02,SKU001,27
2026-08-15,LKO02,SKU002,30
2026-08-15,LKO02,SKU003,35
2026-08-15,LKO02,SKU004,39
2026-08-15,LKO02,SKU005,29
2026-08-15,LKO02,SKU006,33
2026-08-15,LKO02,SKU007,44
2026-08-15,LKO02,SKU008,21
2026-08-15,LKO02,SKU009,19
2026-08-15,LKO02,SKU010,28
2026-08-15,LKO02,SKU011,44
2026-08-15,LKO02,SKU012,37
2026-08-15,LKO02,SKU013,33
2026-08-15,LKO02,SKU014,69
2026-08-15,LKO02,SKU015,106
2026-08-15,LKO02,SKU016,416
2026-08-15,LKO02,SKU017,248
2026-08-15,LKO02,SKU018,305
2026-08-16,LKO02,SKU001,17
2026-08-16,LKO02,SKU002,28
2026-08-16,LKO02,SKU003,23
2026-08-16,LKO02,SKU004,30
2026-08-16,LKO02,SKU005,39
2026-08-16,LKO02,SKU006,19
2026-08-16,LKO02,SKU007,44
2026-08-16,LKO02,SKU008,27
2026-08-16,LKO02,SKU009,41
2026-08-16,LKO02,SKU010,35
2026-08-16,LKO02,SKU011,22
2026-08-16,LKO02,SKU012,43
2026-08-16,LKO02,SKU013,33
2026-08-16,LKO02,SKU014,68
2026-08-16,LKO02,SKU015,105
2026-08-16,LKO02,SKU016,431
2026-08-16,LKO02,SKU017,247
2026-08-16,LKO02,SKU018,316
2026-08-17,LKO02,SKU001,25
2026-08-17,LKO02,SKU002,20
2026-08-17,LKO02,SKU003,42
2026-08-17,LKO02,SKU004,31
2026-08-17,LKO02,SKU005,32
2026-08-17,LKO02,SKU006,25
2026-08-17,LKO02,SKU007,23
2026-08-17,LKO02,SKU008,41
2026-08-17,LKO02,SKU009,43
2026-08-17,LKO02,SKU010,26
2026-08-17,LKO02,SKU011,27
2026-08-17,LKO02,SKU012,17
2026-08-17,LKO02,SKU013,39
2026-08-17,LKO02,SKU014,75
2026-08-17,LKO02,SKU015,94
2026-08-17,LKO02,SKU016,457
2026-08-17,LKO02,SKU017,258
2026-08-17,LKO02,SKU018,345
2026-08-18,LKO02,SKU001,33
2026-08-18,LKO02,SKU002,42
2026-08-18,LKO02,SKU003,37
2026-08-18,LKO02,SKU004,15
2026-08-18,LKO02,SKU005,32
2026-08-18,LKO02,SKU006,17
2026-08-18,LKO02,SKU007,28
2026-08-18,LKO02,SKU008,19
2026-08-18,LKO02,SKU009,24
2026-08-18,LKO02,SKU010,18
2026-08-18,LKO02,SKU011,26
2026-08-18,LKO02,SKU012,44
2026-08-18,LKO02,SKU013,33
2026-08-18,LKO02,SKU014,78
2026-08-18,LKO02,SKU015,87
2026-08-18,LKO02,SKU016,474
2026-08-18,LKO02,SKU017,277
2026-08-18,LKO02,SKU018,354
2026-08-19,LKO02,SKU001,31
2026-08-19,LKO02,SKU002,16
2026-08-19,LKO02,SKU003,31
2026-08-19,LKO02,SKU004,30
2026-08-19,LKO02,SKU005,21
2026-08-19,LKO02,SKU006,18
2026-08-19,LKO02,SKU007,27
2026-08-19,LKO02,SKU008,34
2026-08-19,LKO02,SKU009,18
2026-08-19,LKO02,SKU010,19
2026-08-19,LKO02,SKU011,30
2026-08-19,LKO02,SKU012,42
2026-08-19,LKO02,SKU013,23
2026-08-19,LKO02,SKU014,70
2026-08-19,LKO02,SKU015,89
2026-08-19,LKO02,SKU016,493
2026-08-19,LKO02,SKU017,293
2026-08-19,LKO02,SKU018,364
2026-08-20,LKO02,SKU001,17
2026-08-20,LKO02,SKU002,37
2026-08-20,LKO02,SKU003,35
2026-08-20,LKO02,SKU004,34
2026-08-20,LKO02,SKU005,18
2026-08-20,LKO02,SKU006,21
2026-08-20,LKO02,SKU007,15
2026-08-20,LKO02,SKU008,22
2026-08-20,LKO02,SKU009,41
2026-08-20,LKO02,SKU010,31
2026-08-20,LKO02,SKU011,36
2026-08-20,LKO02,SKU012,34
2026-08-20,LKO02,SKU013,25
2026-08-20,LKO02,SKU014,59
2026-08-20,LKO02,SKU015,91
2026-08-20,LKO02,SKU016,514
2026-08-20,LKO02,SKU017,312
2026-08-20,LKO02,SKU018,384
2026-08-21,LKO02,SKU001,26
2026-08-21,LKO02,SKU002,43
2026-08-21,LKO02,SKU003,34
2026-08-21,LKO02,SKU004,32
2026-08-21,LKO02,SKU005,31
2026-08-21,LKO02,SKU006,34
2026-08-21,LKO02,SKU007,22
2026-08-21,LKO02,SKU008,39
2026-08-21,LKO02,SKU009,15
2026-08-21,LKO02,SKU010,18
2026-08-21,LKO02,SKU011,26
2026-08-21,LKO02,SKU012,30
2026-08-21,LKO02,SKU013,19
2026-08-21,LKO02,SKU014,63
2026-08-21,LKO02,SKU015,94
2026-08-21,LKO02,SKU016,538
2026-08-21,LKO02,SKU017,336
2026-08-21,LKO02,SKU018,401
2026-08-22,LKO02,SKU001,20
2026-08-22,LKO02,SKU002,42
2026-08-22,LKO02,SKU003,29
2026-08-22,LKO02,SKU004,26
2026-08-22,LKO02,SKU005,23
2026-08-22,LKO02,SKU006,18
2026-08-22,LKO02,SKU007,20
2026-08-22,LKO02,SKU008,32
2026-08-22,LKO02,SKU009,41
2026-08-22,LKO02,SKU010,44
2026-08-22,LKO02,SKU011,20
2026-08-22,LKO02,SKU012,44
2026-08-22,LKO02,SKU013,15
2026-08-22,LKO02,SKU014,63
2026-08-22,LKO02,SKU015,110
2026-08-22,LKO02,SKU016,547
2026-08-22,LKO02,SKU017,372
2026-08-22,LKO02,SKU018,416
2026-08-23,LKO02,SKU001,36
2026-08-23,LKO02,SKU002,37
2026-08-23,LKO02,SKU003,41
2026-08-23,LKO02,SKU004,35
2026-08-23,LKO02,SKU005,19
2026-08-23,LKO02,SKU006,25
2026-08-23,LKO02,SKU007,22
2026-08-23,LKO02,SKU008,28
2026-08-23,LKO02,SKU009,44
2026-08-23,LKO02,SKU010,16
2026-08-23,LKO02,SKU011,34
2026-08-23,LKO02,SKU012,21
2026-08-23,LKO02,SKU013,41
2026-08-23,LKO02,SKU014,39
2026-08-23,LKO02,SKU015,97
2026-08-23,LKO02,SKU016,582
2026-08-23,LKO02,SKU017,384
2026-08-23,LKO02,SKU018,434
2026-08-24,LKO02,SKU001,15
2026-08-24,LKO02,SKU002,23
2026-08-24,LKO02,SKU003,27
2026-08-24,LKO02,SKU004,37
2026-08-24,LKO02,SKU005,15
2026-08-24,LKO02,SKU006,39
2026-08-24,LKO02,SKU007,20
2026-08-24,LKO02,SKU008,28
2026-08-24,LKO02,SKU009,42
2026-08-24,LKO02,SKU010,39
2026-08-24,LKO02,SKU011,21
2026-08-24,LKO02,SKU012,37
2026-08-24,LKO02,SKU013,25
2026-08-24,LKO02,SKU014,21
2026-08-24,LKO02,SKU015,112
2026-08-24,LKO02,SKU016,609
2026-08-24,LKO02,SKU017,401
2026-08-24,LKO02,SKU018,460
2026-08-25,LKO02,SKU001,32
2026-08-25,LKO02,SKU002,24
2026-08-25,LKO02,SKU003,20
2026-08-25,LKO02,SKU004,19
2026-08-25,LKO02,SKU005,27
2026-08-25,LKO02,SKU006,37
2026-08-25,LKO02,SKU007,39
2026-08-25,LKO02,SKU008,21
2026-08-25,LKO02,SKU009,25
2026-08-25,LKO02,SKU010,39
2026-08-25,LKO02,SKU011,27
2026-08-25,LKO02,SKU012,19
2026-08-25,LKO02,SKU013,44
2026-08-25,LKO02,SKU014,33
2026-08-25,LKO02,SKU015,119
2026-08-25,LKO02,SKU016,620
2026-08-25,LKO02,SKU017,404
2026-08-25,LKO02,SKU018,486
2026-08-26,LKO02,SKU001,20
2026-08-26,LKO02,SKU002,18
2026-08-26,LKO02,SKU003,25
2026-08-26,LKO02,SKU004,39
2026-08-26,LKO02,SKU005,34
2026-08-26,LKO02,SKU006,23
2026-08-26,LKO02,SKU007,39
2026-08-26,LKO02,SKU008,19
2026-08-26,LKO02,SKU009,23
2026-08-26,LKO02,SKU010,23
2026-08-26,LKO02,SKU011,26
2026-08-26,LKO02,SKU012,33
2026-08-26,LKO02,SKU013,37
2026-08-26,LKO02,SKU014,45
2026-08-26,LKO02,SKU015,105
2026-08-26,LKO02,SKU016,635
2026-08-26,LKO02,SKU017,420
2026-08-26,LKO02,SKU018,507
2026-08-27,LKO02,SKU001,33
2026-08-27,LKO02,SKU002,28
2026-08-27,LKO02,SKU003,19
2026-08-27,LKO02,SKU004,22
2026-08-27,LKO02,SKU005,29
2026-08-27,LKO02,SKU006,31
2026-08-27,LKO02,SKU007,18
2026-08-27,LKO02,SKU008,24
2026-08-27,LKO02,SKU009,30
2026-08-27,LKO02,SKU010,22
2026-08-27,LKO02,SKU011,25
2026-08-27,LKO02,SKU012,43
2026-08-27,LKO02,SKU013,43
2026-08-27,LKO02,SKU014,43
2026-08-27,LKO02,SKU015,110
2026-08-27,LKO02,SKU016,644
2026-08-27,LKO02,SKU017,428
2026-08-27,LKO02,SKU018,523
2026-08-28,LKO02,SKU001,16
2026-08-28,LKO02,SKU002,37
2026-08-28,LKO02,SKU003,30
2026-08-28,LKO02,SKU004,38
2026-08-28,LKO02,SKU005,18
2026-08-28,LKO02,SKU006,32
2026-08-28,LKO02,SKU007,27
2026-08-28,LKO02,SKU008,39
2026-08-28,LKO02,SKU009,33
2026-08-28,LKO02,SKU010,27
2026-08-28,LKO02,SKU011,33
2026-08-28,LKO02,SKU012,23
2026-08-28,LKO02,SKU013,53
2026-08-28,LKO02,SKU014,35
2026-08-28,LKO02,SKU015,126
2026-08-28,LKO02,SKU016,658
2026-08-28,LKO02,SKU017,458
2026-08-28,LKO02,SKU018,553
2026-08-29,LKO02,SKU001,32
2026-08-29,LKO02,SKU002,22
2026-08-29,LKO02,SKU003,25
2026-08-29,LKO02,SKU004,30
2026-08-29,LKO02,SKU005,16
2026-08-29,LKO02,SKU006,37
2026-08-29,LKO02,SKU007,36
2026-08-29,LKO02,SKU008,37
2026-08-29,LKO02,SKU009,23
2026-08-29,LKO02,SKU010,35
2026-08-29,LKO02,SKU011,37
2026-08-29,LKO02,SKU012,41
2026-08-29,LKO02,SKU013,60
2026-08-29,LKO02,SKU014,36
2026-08-29,LKO02,SKU015,135
2026-08-29,LKO02,SKU016,686
2026-08-29,LKO02,SKU017,480
2026-08-29,LKO02,SKU018,566
2026-08-30,LKO02,SKU001,16
2026-08-30,LKO02,SKU002,26
2026-08-30,LKO02,SKU003,23
2026-08-30,LKO02,SKU004,29
2026-08-30,LKO02,SKU005,23
2026-08-30,LKO02,SKU006,17
2026-08-30,LKO02,SKU007,41
2026-08-30,LKO02,SKU008,27
2026-08-30,LKO02,SKU009,35
2026-08-30,LKO02,SKU010,40
2026-08-30,LKO02,SKU011,16
2026-08-30,LKO02,SKU012,42
2026-08-30,LKO02,SKU013,24
2026-08-30,LKO02,SKU014,41
2026-08-30,LKO02,SKU015,125
2026-08-30,LKO02,SKU016,707
2026-08-30,LKO02,SKU017,490
2026-08-30,LKO02,SKU018,570
2026-08-01,LKO03,SKU001,92
2026-08-01,LKO03,SKU002,121
2026-08-01,LKO03,SKU003,138
2026-08-01,LKO03,SKU004,100
2026-08-01,LKO03,SKU005,113
2026-08-01,LKO03,SKU006,136
2026-08-01,LKO03,SKU007,98
2026-08-01,LKO03,SKU008,69
2026-08-01,LKO03,SKU009,149
2026-08-01,LKO03,SKU010,156
2026-08-01,LKO03,SKU011,142
2026-08-01,LKO03,SKU012,147
2026-08-01,LKO03,SKU013,140
2026-08-01,LKO03,SKU014,91
2026-08-01,LKO03,SKU015,100
2026-08-01,LKO03,SKU016,135
2026-08-01,LKO03,SKU017,135
2026-08-01,LKO03,SKU018,79
2026-08-02,LKO03,SKU001,25
2026-08-02,LKO03,SKU002,86
2026-08-02,LKO03,SKU003,111
2026-08-02,LKO03,SKU004,20
2026-08-02,LKO03,SKU005,30
2026-08-02,LKO03,SKU006,59
2026-08-02,LKO03,SKU007,40
2026-08-02,LKO03,SKU008,33
2026-08-02,LKO03,SKU009,104
2026-08-02,LKO03,SKU010,96
2026-08-02,LKO03,SKU011,129
2026-08-02,LKO03,SKU012,82
2026-08-02,LKO03,SKU013,150
2026-08-02,LKO03,SKU014,100
2026-08-02,LKO03,SKU015,123
2026-08-02,LKO03,SKU016,153
2026-08-02,LKO03,SKU017,137
2026-08-02,LKO03,SKU018,103
2026-08-03,LKO03,SKU001,26
2026-08-03,LKO03,SKU002,60
2026-08-03,LKO03,SKU003,64
2026-08-03,LKO03,SKU004,31
2026-08-03,LKO03,SKU005,36
2026-08-03,LKO03,SKU006,18
2026-08-03,LKO03,SKU007,39
2026-08-03,LKO03,SKU008,32
2026-08-03,LKO03,SKU009,66
2026-08-03,LKO03,SKU010,43
2026-08-03,LKO03,SKU011,110
2026-08-03,LKO03,SKU012,22
2026-08-03,LKO03,SKU013,149
2026-08-03,LKO03,SKU014,99
2026-08-03,LKO03,SKU015,141
2026-08-03,LKO03,SKU016,168
2026-08-03,LKO03,SKU017,164
2026-08-03,LKO03,SKU018,109
2026-08-04,LKO03,SKU001,26
2026-08-04,LKO03,SKU002,23
2026-08-04,LKO03,SKU003,20
2026-08-04,LKO03,SKU004,38
2026-08-04,LKO03,SKU005,33
2026-08-04,LKO03,SKU006,41
2026-08-04,LKO03,SKU007,37
2026-08-04,LKO03,SKU008,31
2026-08-04,LKO03,SKU009,57
2026-08-04,LKO03,SKU010,44
2026-08-04,LKO03,SKU011,106
2026-08-04,LKO03,SKU012,15
2026-08-04,LKO03,SKU013,155
2026-08-04,LKO03,SKU014,102
2026-08-04,LKO03,SKU015,161
2026-08-04,LKO03,SKU016,196
2026-08-04,LKO03,SKU017,195
2026-08-04,LKO03,SKU018,135
2026-08-05,LKO03,SKU001,29
2026-08-05,LKO03,SKU002,31
2026-08-05,LKO03,SKU003,16
2026-08-05,LKO03,SKU004,30
2026-08-05,LKO03,SKU005,38
2026-08-05,LKO03,SKU006,43
2026-08-05,LKO03,SKU007,19
2026-08-05,LKO03,SKU008,26
2026-08-05,LKO03,SKU009,34
2026-08-05,LKO03,SKU010,16
2026-08-05,LKO03,SKU011,100
2026-08-05,LKO03,SKU012,42
2026-08-05,LKO03,SKU013,155
2026-08-05,LKO03,SKU014,130
2026-08-05,LKO03,SKU015,181
2026-08-05,LKO03,SKU016,210
2026-08-05,LKO03,SKU017,229
2026-08-05,LKO03,SKU018,152
2026-08-06,LKO03,SKU001,27
2026-08-06,LKO03,SKU002,29
2026-08-06,LKO03,SKU003,35
2026-08-06,LKO03,SKU004,37
2026-08-06,LKO03,SKU005,43
2026-08-06,LKO03,SKU006,29
2026-08-06,LKO03,SKU007,31
2026-08-06,LKO03,SKU008,15
2026-08-06,LKO03,SKU009,22
2026-08-06,LKO03,SKU010,21
2026-08-06,LKO03,SKU011,107
2026-08-06,LKO03,SKU012,15
2026-08-06,LKO03,SKU013,158
2026-08-06,LKO03,SKU014,129
2026-08-06,LKO03,SKU015,197
2026-08-06,LKO03,SKU016,231
2026-08-06,LKO03,SKU017,262
2026-08-06,LKO03,SKU018,186
2026-08-07,LKO03,SKU001,44
2026-08-07,LKO03,SKU002,33
2026-08-07,LKO03,SKU003,44
2026-08-07,LKO03,SKU004,22
2026-08-07,LKO03,SKU005,15
2026-08-07,LKO03,SKU006,30
2026-08-07,LKO03,SKU007,16
2026-08-07,LKO03,SKU008,23
2026-08-07,LKO03,SKU009,20
2026-08-07,LKO03,SKU010,21
2026-08-07,LKO03,SKU011,92
2026-08-07,LKO03,SKU012,40
2026-08-07,LKO03,SKU013,155
2026-08-07,LKO03,SKU014,146
2026-08-07,LKO03,SKU015,208
2026-08-07,LKO03,SKU016,265
2026-08-07,LKO03,SKU017,290
2026-08-07,LKO03,SKU018,215
2026-08-08,LKO03,SKU001,18
2026-08-08,LKO03,SKU002,18
2026-08-08,LKO03,SKU003,15
2026-08-08,LKO03,SKU004,17
2026-08-08,LKO03,SKU005,34
2026-08-08,LKO03,SKU006,18
2026-08-08,LKO03,SKU007,27
2026-08-08,LKO03,SKU008,33
2026-08-08,LKO03,SKU009,38
2026-08-08,LKO03,SKU010,20
2026-08-08,LKO03,SKU011,97
2026-08-08,LKO03,SKU012,25
2026-08-08,LKO03,SKU013,170
2026-08-08,LKO03,SKU014,166
2026-08-08,LKO03,SKU015,200
2026-08-08,LKO03,SKU016,288
2026-08-08,LKO03,SKU017,301
2026-08-08,LKO03,SKU018,239
2026-08-09,LKO03,SKU001,22
2026-08-09,LKO03,SKU002,23
2026-08-09,LKO03,SKU003,38
2026-08-09,LKO03,SKU004,27
2026-08-09,LKO03,SKU005,28
2026-08-09,LKO03,SKU006,29
2026-08-09,LKO03,SKU007,35
2026-08-09,LKO03,SKU008,37
2026-08-09,LKO03,SKU009,34
2026-08-09,LKO03,SKU010,19
2026-08-09,LKO03,SKU011,114
2026-08-09,LKO03,SKU012,21
2026-08-09,LKO03,SKU013,173
2026-08-09,LKO03,SKU014,160
2026-08-09,LKO03,SKU015,196
2026-08-09,LKO03,SKU016,321
2026-08-09,LKO03,SKU017,329
2026-08-09,LKO03,SKU018,246
2026-08-10,LKO03,SKU001,17
2026-08-10,LKO03,SKU002,40
2026-08-10,LKO03,SKU003,27
2026-08-10,LKO03,SKU004,30
2026-08-10,LKO03,SKU005,19
2026-08-10,LKO03,SKU006,23
2026-08-10,LKO03,SKU007,38
2026-08-10,LKO03,SKU008,37
2026-08-10,LKO03,SKU009,33
2026-08-10,LKO03,SKU010,29
2026-08-10,LKO03,SKU011,108
2026-08-10,LKO03,SKU012,39
2026-08-10,LKO03,SKU013,174
2026-08-10,LKO03,SKU014,166
2026-08-10,LKO03,SKU015,211
2026-08-10,LKO03,SKU016,354
2026-08-10,LKO03,SKU017,349
2026-08-10,LKO03,SKU018,251
2026-08-11,LKO03,SKU001,25
2026-08-11,LKO03,SKU002,29
2026-08-11,LKO03,SKU003,28
2026-08-11,LKO03,SKU004,39
2026-08-11,LKO03,SKU005,29
2026-08-11,LKO03,SKU006,15
2026-08-11,LKO03,SKU007,26
2026-08-11,LKO03,SKU008,23
2026-08-11,LKO03,SKU009,32
2026-08-11,LKO03,SKU010,43
2026-08-11,LKO03,SKU011,113
2026-08-11,LKO03,SKU012,44
2026-08-11,LKO03,SKU013,166
2026-08-11,LKO03,SKU014,169
2026-08-11,LKO03,SKU015,223
2026-08-11,LKO03,SKU016,389
2026-08-11,LKO03,SKU017,380
2026-08-11,LKO03,SKU018,259
2026-08-12,LKO03,SKU001,31
2026-08-12,LKO03,SKU002,22
2026-08-12,LKO03,SKU003,44
2026-08-12,LKO03,SKU004,33
2026-08-12,LKO03,SKU005,31
2026-08-12,LKO03,SKU006,36
2026-08-12,LKO03,SKU007,20
2026-08-12,LKO03,SKU008,32
2026-08-12,LKO03,SKU009,44
2026-08-12,LKO03,SKU010,19
2026-08-12,LKO03,SKU011,130
2026-08-12,LKO03,SKU012,29
2026-08-12,LKO03,SKU013,179
2026-08-12,LKO03,SKU014,189
2026-08-12,LKO03,SKU015,243
2026-08-12,LKO03,SKU016,403
2026-08-12,LKO03,SKU017,399
2026-08-12,LKO03,SKU018,269
2026-08-13,LKO03,SKU001,33
2026-08-13,LKO03,SKU002,43
2026-08-13,LKO03,SKU003,42
2026-08-13,LKO03,SKU004,31
2026-08-13,LKO03,SKU005,31
2026-08-13,LKO03,SKU006,26
2026-08-13,LKO03,SKU007,34
2026-08-13,LKO03,SKU008,38
2026-08-13,LKO03,SKU009,35
2026-08-13,LKO03,SKU010,38
2026-08-13,LKO03,SKU011,119
2026-08-13,LKO03,SKU012,36
2026-08-13,LKO03,SKU013,194
2026-08-13,LKO03,SKU014,196
2026-08-13,LKO03,SKU015,267
2026-08-13,LKO03,SKU016,420
2026-08-13,LKO03,SKU017,429
2026-08-13,LKO03,SKU018,291
2026-08-14,LKO03,SKU001,21
2026-08-14,LKO03,SKU002,29
2026-08-14,LKO03,SKU003,15
2026-08-14,LKO03,SKU004,38
2026-08-14,LKO03,SKU005,40
2026-08-14,LKO03,SKU006,25
2026-08-14,LKO03,SKU007,43
2026-08-14,LKO03,SKU008,17
2026-08-14,LKO03,SKU009,35
2026-08-14,LKO03,SKU010,26
2026-08-14,LKO03,SKU011,115
2026-08-14,LKO03,SKU012,38
2026-08-14,LKO03,SKU013,187
2026-08-14,LKO03,SKU014,200
2026-08-14,LKO03,SKU015,284
2026-08-14,LKO03,SKU016,454
2026-08-14,LKO03,SKU017,441
2026-08-14,LKO03,SKU018,328
2026-08-15,LKO03,SKU001,35
2026-08-15,LKO03,SKU002,18
2026-08-15,LKO03,SKU003,39
2026-08-15,LKO03,SKU004,19
2026-08-15,LKO03,SKU005,19
2026-08-15,LKO03,SKU006,15
2026-08-15,LKO03,SKU007,42
2026-08-15,LKO03,SKU008,22
2026-08-15,LKO03,SKU009,36
2026-08-15,LKO03,SKU010,23
2026-08-15,LKO03,SKU011,117
2026-08-15,LKO03,SKU012,26
2026-08-15,LKO03,SKU013,183
2026-08-15,LKO03,SKU014,199
2026-08-15,LKO03,SKU015,309
2026-08-15,LKO03,SKU016,473
2026-08-15,LKO03,SKU017,464
2026-08-15,LKO03,SKU018,341
2026-08-16,LKO03,SKU001,41
2026-08-16,LKO03,SKU002,29
2026-08-16,LKO03,SKU003,32
2026-08-16,LKO03,SKU004,40
2026-08-16,LKO03,SKU005,18
2026-08-16,LKO03,SKU006,20
2026-08-16,LKO03,SKU007,42
2026-08-16,LKO03,SKU008,21
2026-08-16,LKO03,SKU009,18
2026-08-16,LKO03,SKU010,23
2026-08-16,LKO03,SKU011,120
2026-08-16,LKO03,SKU012,37
2026-08-16,LKO03,SKU013,202
2026-08-16,LKO03,SKU014,200
2026-08-16,LKO03,SKU015,303
2026-08-16,LKO03,SKU016,511
2026-08-16,LKO03,SKU017,491
2026-08-16,LKO03,SKU018,370
2026-08-17,LKO03,SKU001,35
2026-08-17,LKO03,SKU002,27
2026-08-17,LKO03,SKU003,28
2026-08-17,LKO03,SKU004,24
2026-08-17,LKO03,SKU005,32
2026-08-17,LKO03,SKU006,31
2026-08-17,LKO03,SKU007,18
2026-08-17,LKO03,SKU008,40
2026-08-17,LKO03,SKU009,15
2026-08-17,LKO03,SKU010,21
2026-08-17,LKO03,SKU011,140
2026-08-17,LKO03,SKU012,42
2026-08-17,LKO03,SKU013,202
2026-08-17,LKO03,SKU014,194
2026-08-17,LKO03,SKU015,320
2026-08-17,LKO03,SKU016,540
2026-08-17,LKO03,SKU017,501
2026-08-17,LKO03,SKU018,389
2026-08-18,LKO03,SKU001,42
2026-08-18,LKO03,SKU002,41
2026-08-18,LKO03,SKU003,29
2026-08-18,LKO03,SKU004,42
2026-08-18,LKO03,SKU005,42
2026-08-18,LKO03,SKU006,25
2026-08-18,LKO03,SKU007,31
2026-08-18,LKO03,SKU008,15
2026-08-18,LKO03,SKU009,34
2026-08-18,LKO03,SKU010,32
2026-08-18,LKO03,SKU011,151
2026-08-18,LKO03,SKU012,27
2026-08-18,LKO03,SKU013,203
2026-08-18,LKO03,SKU014,210
2026-08-18,LKO03,SKU015,337
2026-08-18,LKO03,SKU016,565
2026-08-18,LKO03,SKU017,524
2026-08-18,LKO03,SKU018,425
2026-08-19,LKO03,SKU001,40
2026-08-19,LKO03,SKU002,19
2026-08-19,LKO03,SKU003,32
2026-08-19,LKO03,SKU004,15
2026-08-19,LKO03,SKU005,31
2026-08-19,LKO03,SKU006,36
2026-08-19,LKO03,SKU007,23
2026-08-19,LKO03,SKU008,30
2026-08-19,LKO03,SKU009,26
2026-08-19,LKO03,SKU010,28
2026-08-19,LKO03,SKU011,147
2026-08-19,LKO03,SKU012,35
2026-08-19,LKO03,SKU013,198
2026-08-19,LKO03,SKU014,202
2026-08-19,LKO03,SKU015,349
2026-08-19,LKO03,SKU016,599
2026-08-19,LKO03,SKU017,529
2026-08-19,LKO03,SKU018,455
2026-08-20,LKO03,SKU001,16
2026-08-20,LKO03,SKU002,40
2026-08-20,LKO03,SKU003,38
2026-08-20,LKO03,SKU004,39
2026-08-20,LKO03,SKU005,30
2026-08-20,LKO03,SKU006,19
2026-08-20,LKO03,SKU007,31
2026-08-20,LKO03,SKU008,30
2026-08-20,LKO03,SKU009,39
2026-08-20,LKO03,SKU010,42
2026-08-20,LKO03,SKU011,159
2026-08-20,LKO03,SKU012,19
2026-08-20,LKO03,SKU013,198
2026-08-20,LKO03,SKU014,229
2026-08-20,LKO03,SKU015,377
2026-08-20,LKO03,SKU016,630
2026-08-20,LKO03,SKU017,534
2026-08-20,LKO03,SKU018,464
2026-08-21,LKO03,SKU001,29
2026-08-21,LKO03,SKU002,27
2026-08-21,LKO03,SKU003,29
2026-08-21,LKO03,SKU004,41
2026-08-21,LKO03,SKU005,28
2026-08-21,LKO03,SKU006,33
2026-08-21,LKO03,SKU007,16
2026-08-21,LKO03,SKU008,38
2026-08-21,LKO03,SKU009,24
2026-08-21,LKO03,SKU010,26
2026-08-21,LKO03,SKU011,176
2026-08-21,LKO03,SKU012,42
2026-08-21,LKO03,SKU013,216
2026-08-21,LKO03,SKU014,241
2026-08-21,LKO03,SKU015,400
2026-08-21,LKO03,SKU016,659
2026-08-21,LKO03,SKU017,559
2026-08-21,LKO03,SKU018,475
2026-08-22,LKO03,SKU001,43
2026-08-22,LKO03,SKU002,29
2026-08-22,LKO03,SKU003,39
2026-08-22,LKO03,SKU004,21
2026-08-22,LKO03,SKU005,36
2026-08-22,LKO03,SKU006,40
2026-08-22,LKO03,SKU007,35
2026-08-22,LKO03,SKU008,25
2026-08-22,LKO03,SKU009,27
2026-08-22,LKO03,SKU010,18
2026-08-22,LKO03,SKU011,193
2026-08-22,LKO03,SKU012,19
2026-08-22,LKO03,SKU013,208
2026-08-22,LKO03,SKU014,254
2026-08-22,LKO03,SKU015,402
2026-08-22,LKO03,SKU016,684
2026-08-22,LKO03,SKU017,579
2026-08-22,LKO03,SKU018,509
2026-08-23,LKO03,SKU001,25
2026-08-23,LKO03,SKU002,42
2026-08-23,LKO03,SKU003,27
2026-08-23,LKO03,SKU004,40
2026-08-23,LKO03,SKU005,40
2026-08-23,LKO03,SKU006,22
2026-08-23,LKO03,SKU007,23
2026-08-23,LKO03,SKU008,32
2026-08-23,LKO03,SKU009,18
2026-08-23,LKO03,SKU010,17
2026-08-23,LKO03,SKU011,197
2026-08-23,LKO03,SKU012,25
2026-08-23,LKO03,SKU013,213
2026-08-23,LKO03,SKU014,265
2026-08-23,LKO03,SKU015,417
2026-08-23,LKO03,SKU016,710
2026-08-23,LKO03,SKU017,593
2026-08-23,LKO03,SKU018,528
2026-08-24,LKO03,SKU001,25
2026-08-24,LKO03,SKU002,44
2026-08-24,LKO03,SKU003,25
2026-08-24,LKO03,SKU004,29
2026-08-24,LKO03,SKU005,36
2026-08-24,LKO03,SKU006,17
2026-08-24,LKO03,SKU007,34
2026-08-24,LKO03,SKU008,33
2026-08-24,LKO03,SKU009,41
2026-08-24,LKO03,SKU010,15
2026-08-24,LKO03,SKU011,189
2026-08-24,LKO03,SKU012,34
2026-08-24,LKO03,SKU013,212
2026-08-24,LKO03,SKU014,262
2026-08-24,LKO03,SKU015,412
2026-08-24,LKO03,SKU016,744
2026-08-24,LKO03,SKU017,604
2026-08-24,LKO03,SKU018,541
2026-08-25,LKO03,SKU001,25
2026-08-25,LKO03,SKU002,23
2026-08-25,LKO03,SKU003,42
2026-08-25,LKO03,SKU004,30
2026-08-25,LKO03,SKU005,42
2026-08-25,LKO03,SKU006,39
2026-08-25,LKO03,SKU007,43
2026-08-25,LKO03,SKU008,36
2026-08-25,LKO03,SKU009,45
2026-08-25,LKO03,SKU010,23
2026-08-25,LKO03,SKU011,182
2026-08-25,LKO03,SKU012,40
2026-08-25,LKO03,SKU013,224
2026-08-25,LKO03,SKU014,282
2026-08-25,LKO03,SKU015,419
2026-08-25,LKO03,SKU016,766
2026-08-25,LKO03,SKU017,625
2026-08-25,LKO03,SKU018,566
2026-08-26,LKO03,SKU001,33
2026-08-26,LKO03,SKU002,35
2026-08-26,LKO03,SKU003,19
2026-08-26,LKO03,SKU004,44
2026-08-26,LKO03,SKU005,15
2026-08-26,LKO03,SKU006,24
2026-08-26,LKO03,SKU007,15
2026-08-26,LKO03,SKU008,25
2026-08-26,LKO03,SKU009,36
2026-08-26,LKO03,SKU010,17
2026-08-26,LKO03,SKU011,175
2026-08-26,LKO03,SKU012,39
2026-08-26,LKO03,SKU013,227
2026-08-26,LKO03,SKU014,298
2026-08-26,LKO03,SKU015,424
2026-08-26,LKO03,SKU016,785
2026-08-26,LKO03,SKU017,627
2026-08-26,LKO03,SKU018,589
2026-08-27,LKO03,SKU001,34
2026-08-27,LKO03,SKU002,28
2026-08-27,LKO03,SKU003,33
2026-08-27,LKO03,SKU004,34
2026-08-27,LKO03,SKU005,28
2026-08-27,LKO03,SKU006,20
2026-08-27,LKO03,SKU007,43
2026-08-27,LKO03,SKU008,30
2026-08-27,LKO03,SKU009,19
2026-08-27,LKO03,SKU010,22
2026-08-27,LKO03,SKU011,169
2026-08-27,LKO03,SKU012,18
2026-08-27,LKO03,SKU013,245
2026-08-27,LKO03,SKU014,320
2026-08-27,LKO03,SKU015,421
2026-08-27,LKO03,SKU016,793
2026-08-27,LKO03,SKU017,630
2026-08-27,LKO03,SKU018,608
2026-08-28,LKO03,SKU001,31
2026-08-28,LKO03,SKU002,34
2026-08-28,LKO03,SKU003,44
2026-08-28,LKO03,SKU004,19
2026-08-28,LKO03,SKU005,25
2026-08-28,LKO03,SKU006,34
2026-08-28,LKO03,SKU007,36
2026-08-28,LKO03,SKU008,32
2026-08-28,LKO03,SKU009,30
2026-08-28,LKO03,SKU010,20
2026-08-28,LKO03,SKU011,162
2026-08-28,LKO03,SKU012,44
2026-08-28,LKO03,SKU013,252
2026-08-28,LKO03,SKU014,338
2026-08-28,LKO03,SKU015,450
2026-08-28,LKO03,SKU016,824
2026-08-28,LKO03,SKU017,644
2026-08-28,LKO03,SKU018,626
2026-08-29,LKO03,SKU001,41
2026-08-29,LKO03,SKU002,31
2026-08-29,LKO03,SKU003,38
2026-08-29,LKO03,SKU004,32
2026-08-29,LKO03,SKU005,32
2026-08-29,LKO03,SKU006,15
2026-08-29,LKO03,SKU007,41
2026-08-29,LKO03,SKU008,33
2026-08-29,LKO03,SKU009,20
2026-08-29,LKO03,SKU010,34
2026-08-29,LKO03,SKU011,171
2026-08-29,LKO03,SKU012,32
2026-08-29,LKO03,SKU013,249
2026-08-29,LKO03,SKU014,334
2026-08-29,LKO03,SKU015,478
2026-08-29,LKO03,SKU016,860
2026-08-29,LKO03,SKU017,666
2026-08-29,LKO03,SKU018,652
2026-08-30,LKO03,SKU001,28
2026-08-30,LKO03,SKU002,18
2026-08-30,LKO03,SKU003,37
2026-08-30,LKO03,SKU004,19
2026-08-30,LKO03,SKU005,39
2026-08-30,LKO03,SKU006,23
2026-08-30,LKO03,SKU007,20
2026-08-30,LKO03,SKU008,37
2026-08-30,LKO03,SKU009,29
2026-08-30,LKO03,SKU010,24
2026-08-30,LKO03,SKU011,172
2026-08-30,LKO03,SKU012,23
2026-08-30,LKO03,SKU013,258
2026-08-30,LKO03,SKU014,342
2026-08-30,LKO03,SKU015,501
2026-08-30,LKO03,SKU016,878
2026-08-30,LKO03,SKU017,673
2026-08-30,LKO03,SKU018,663
2026-08-01,LKO04,SKU001,89
2026-08-01,LKO04,SKU002,122
2026-08-01,LKO04,SKU003,148
2026-08-01,LKO04,SKU004,135
2026-08-01,LKO04,SKU005,124
2026-08-01,LKO04,SKU006,151
2026-08-01,LKO04,SKU007,118
2026-08-01,LKO04,SKU008,114
2026-08-01,LKO04,SKU009,151
2026-08-01,LKO04,SKU010,99
2026-08-01,LKO04,SKU011,132
2026-08-01,LKO04,SKU012,107
2026-08-01,LKO04,SKU013,73
2026-08-01,LKO04,SKU014,97
2026-08-01,LKO04,SKU015,92
2026-08-01,LKO04,SKU016,100
2026-08-01,LKO04,SKU017,92
2026-08-01,LKO04,SKU018,109
2026-08-02,LKO04,SKU001,34
2026-08-02,LKO04,SKU002,63
2026-08-02,LKO04,SKU003,107
2026-08-02,LKO04,SKU004,21
2026-08-02,LKO04,SKU005,19
2026-08-02,LKO04,SKU006,44
2026-08-02,LKO04,SKU007,53
2026-08-02,LKO04,SKU008,25
2026-08-02,LKO04,SKU009,121
2026-08-02,LKO04,SKU010,53
2026-08-02,LKO04,SKU011,134
2026-08-02,LKO04,SKU012,36
2026-08-02,LKO04,SKU013,65
2026-08-02,LKO04,SKU014,87
2026-08-02,LKO04,SKU015,115
2026-08-02,LKO04,SKU016,111
2026-08-02,LKO04,SKU017,120
2026-08-02,LKO04,SKU018,123
2026-08-03,LKO04,SKU001,32
2026-08-03,LKO04,SKU002,17
2026-08-03,LKO04,SKU003,56
2026-08-03,LKO04,SKU004,37
2026-08-03,LKO04,SKU005,26
2026-08-03,LKO04,SKU006,35
2026-08-03,LKO04,SKU007,24
2026-08-03,LKO04,SKU008,16
2026-08-03,LKO04,SKU009,83
2026-08-03,LKO04,SKU010,43
2026-08-03,LKO04,SKU011,131
2026-08-03,LKO04,SKU012,42
2026-08-03,LKO04,SKU013,53
2026-08-03,LKO04,SKU014,98
2026-08-03,LKO04,SKU015,116
2026-08-03,LKO04,SKU016,140
2026-08-03,LKO04,SKU017,120
2026-08-03,LKO04,SKU018,145
2026-08-04,LKO04,SKU001,41
2026-08-04,LKO04,SKU002,18
2026-08-04,LKO04,SKU003,18
2026-08-04,LKO04,SKU004,15
2026-08-04,LKO04,SKU005,31
2026-08-04,LKO04,SKU006,40
2026-08-04,LKO04,SKU007,17
2026-08-04,LKO04,SKU008,28
2026-08-04,LKO04,SKU009,73
2026-08-04,LKO04,SKU010,22
2026-08-04,LKO04,SKU011,119
2026-08-04,LKO04,SKU012,43
2026-08-04,LKO04,SKU013,45
2026-08-04,LKO04,SKU014,104
2026-08-04,LKO04,SKU015,119
2026-08-04,LKO04,SKU016,163
2026-08-04,LKO04,SKU017,139
2026-08-04,LKO04,SKU018,168
2026-08-05,LKO04,SKU001,29
2026-08-05,LKO04,SKU002,38
2026-08-05,LKO04,SKU003,18
2026-08-05,LKO04,SKU004,16
2026-08-05,LKO04,SKU005,29
2026-08-05,LKO04,SKU006,16
2026-08-05,LKO04,SKU007,44
2026-08-05,LKO04,SKU008,30
2026-08-05,LKO04,SKU009,52
2026-08-05,LKO04,SKU010,30
2026-08-05,LKO04,SKU011,121
2026-08-05,LKO04,SKU012,20
2026-08-05,LKO04,SKU013,40
2026-08-05,LKO04,SKU014,112
2026-08-05,LKO04,SKU015,132
2026-08-05,LKO04,SKU016,194
2026-08-05,LKO04,SKU017,161
2026-08-05,LKO04,SKU018,192
2026-08-06,LKO04,SKU001,34
2026-08-06,LKO04,SKU002,36
2026-08-06,LKO04,SKU003,40
2026-08-06,LKO04,SKU004,25
2026-08-06,LKO04,SKU005,19
2026-08-06,LKO04,SKU006,23
2026-08-06,LKO04,SKU007,19
2026-08-06,LKO04,SKU008,41
2026-08-06,LKO04,SKU009,48
2026-08-06,LKO04,SKU010,39
2026-08-06,LKO04,SKU011,113
2026-08-06,LKO04,SKU012,41
2026-08-06,LKO04,SKU013,35
2026-08-06,LKO04,SKU014,104
2026-08-06,LKO04,SKU015,144
2026-08-06,LKO04,SKU016,212
2026-08-06,LKO04,SKU017,170
2026-08-06,LKO04,SKU018,200
2026-08-07,LKO04,SKU001,42
2026-08-07,LKO04,SKU002,22
2026-08-07,LKO04,SKU003,29
2026-08-07,LKO04,SKU004,20
2026-08-07,LKO04,SKU005,26
2026-08-07,LKO04,SKU006,22
2026-08-07,LKO04,SKU007,33
2026-08-07,LKO04,SKU008,18
2026-08-07,LKO04,SKU009,32
2026-08-07,LKO04,SKU010,20
2026-08-07,LKO04,SKU011,114
2026-08-07,LKO04,SKU012,35
2026-08-07,LKO04,SKU013,29
2026-08-07,LKO04,SKU014,129
2026-08-07,LKO04,SKU015,162
2026-08-07,LKO04,SKU016,231
2026-08-07,LKO04,SKU017,193
2026-08-07,LKO04,SKU018,229
2026-08-08,LKO04,SKU001,34
2026-08-08,LKO04,SKU002,21
2026-08-08,LKO04,SKU003,35
2026-08-08,LKO04,SKU004,34
2026-08-08,LKO04,SKU005,33
2026-08-08,LKO04,SKU006,24
2026-08-08,LKO04,SKU007,17
2026-08-08,LKO04,SKU008,19
2026-08-08,LKO04,SKU009,36
2026-08-08,LKO04,SKU010,20
2026-08-08,LKO04,SKU011,122
2026-08-08,LKO04,SKU012,36
2026-08-08,LKO04,SKU013,49
2026-08-08,LKO04,SKU014,133
2026-08-08,LKO04,SKU015,172
2026-08-08,LKO04,SKU016,257
2026-08-08,LKO04,SKU017,201
2026-08-08,LKO04,SKU018,240
2026-08-09,LKO04,SKU001,27
2026-08-09,LKO04,SKU002,26
2026-08-09,LKO04,SKU003,19
2026-08-09,LKO04,SKU004,27
2026-08-09,LKO04,SKU005,21
2026-08-09,LKO04,SKU006,20
2026-08-09,LKO04,SKU007,22
2026-08-09,LKO04,SKU008,24
2026-08-09,LKO04,SKU009,39
2026-08-09,LKO04,SKU010,24
2026-08-09,LKO04,SKU011,93
2026-08-09,LKO04,SKU012,26
2026-08-09,LKO04,SKU013,56
2026-08-09,LKO04,SKU014,131
2026-08-09,LKO04,SKU015,185
2026-08-09,LKO04,SKU016,287
2026-08-09,LKO04,SKU017,204
2026-08-09,LKO04,SKU018,277
2026-08-10,LKO04,SKU001,44
2026-08-10,LKO04,SKU002,23
2026-08-10,LKO04,SKU003,17
2026-08-10,LKO04,SKU004,43
2026-08-10,LKO04,SKU005,33
2026-08-10,LKO04,SKU006,28
2026-08-10,LKO04,SKU007,27
2026-08-10,LKO04,SKU008,29
2026-08-10,LKO04,SKU009,45
2026-08-10,LKO04,SKU010,33
2026-08-10,LKO04,SKU011,82
2026-08-10,LKO04,SKU012,25
2026-08-10,LKO04,SKU013,64
2026-08-10,LKO04,SKU014,132
2026-08-10,LKO04,SKU015,201
2026-08-10,LKO04,SKU016,306
2026-08-10,LKO04,SKU017,211
2026-08-10,LKO04,SKU018,301
2026-08-11,LKO04,SKU001,19
2026-08-11,LKO04,SKU002,34
2026-08-11,LKO04,SKU003,43
2026-08-11,LKO04,SKU004,33
2026-08-11,LKO04,SKU005,35
2026-08-11,LKO04,SKU006,41
2026-08-11,LKO04,SKU007,35
2026-08-11,LKO04,SKU008,40
2026-08-11,LKO04,SKU009,38
2026-08-11,LKO04,SKU010,29
2026-08-11,LKO04,SKU011,91
2026-08-11,LKO04,SKU012,43
2026-08-11,LKO04,SKU013,45
2026-08-11,LKO04,SKU014,125
2026-08-11,LKO04,SKU015,210
2026-08-11,LKO04,SKU016,345
2026-08-11,LKO04,SKU017,221
2026-08-11,LKO04,SKU018,327
2026-08-12,LKO04,SKU001,30
2026-08-12,LKO04,SKU002,17
2026-08-12,LKO04,SKU003,39
2026-08-12,LKO04,SKU004,26
2026-08-12,LKO04,SKU005,36
2026-08-12,LKO04,SKU006,37
2026-08-12,LKO04,SKU007,28
2026-08-12,LKO04,SKU008,43
2026-08-12,LKO04,SKU009,18
2026-08-12,LKO04,SKU010,33
2026-08-12,LKO04,SKU011,92
2026-08-12,LKO04,SKU012,41
2026-08-12,LKO04,SKU013,66
2026-08-12,LKO04,SKU014,118
2026-08-12,LKO04,SKU015,226
2026-08-12,LKO04,SKU016,369
2026-08-12,LKO04,SKU017,237
2026-08-12,LKO04,SKU018,348
2026-08-13,LKO04,SKU001,32
2026-08-13,LKO04,SKU002,20
2026-08-13,LKO04,SKU003,28
2026-08-13,LKO04,SKU004,36
2026-08-13,LKO04,SKU005,30
2026-08-13,LKO04,SKU006,15
2026-08-13,LKO04,SKU007,36
2026-08-13,LKO04,SKU008,23
2026-08-13,LKO04,SKU009,30
2026-08-13,LKO04,SKU010,43
2026-08-13,LKO04,SKU011,107
2026-08-13,LKO04,SKU012,36
2026-08-13,LKO04,SKU013,83
2026-08-13,LKO04,SKU014,123
2026-08-13,LKO04,SKU015,234
2026-08-13,LKO04,SKU016,379
2026-08-13,LKO04,SKU017,255
2026-08-13,LKO04,SKU018,377
2026-08-14,LKO04,SKU001,29
2026-08-14,LKO04,SKU002,17
2026-08-14,LKO04,SKU003,42
2026-08-14,LKO04,SKU004,26
2026-08-14,LKO04,SKU005,34
2026-08-14,LKO04,SKU006,43
2026-08-14,LKO04,SKU007,24
2026-08-14,LKO04,SKU008,38
2026-08-14,LKO04,SKU009,42
2026-08-14,LKO04,SKU010,26
2026-08-14,LKO04,SKU011,124
2026-08-14,LKO04,SKU012,30
2026-08-14,LKO04,SKU013,89
2026-08-14,LKO04,SKU014,121
2026-08-14,LKO04,SKU015,241
2026-08-14,LKO04,SKU016,402
2026-08-14,LKO04,SKU017,261
2026-08-14,LKO04,SKU018,392
2026-08-15,LKO04,SKU001,21
2026-08-15,LKO04,SKU002,24
2026-08-15,LKO04,SKU003,38
2026-08-15,LKO04,SKU004,36
2026-08-15,LKO04,SKU005,34
2026-08-15,LKO04,SKU006,19
2026-08-15,LKO04,SKU007,16
2026-08-15,LKO04,SKU008,22
2026-08-15,LKO04,SKU009,39
2026-08-15,LKO04,SKU010,34
2026-08-15,LKO04,SKU011,129
2026-08-15,LKO04,SKU012,25
2026-08-15,LKO04,SKU013,108
2026-08-15,LKO04,SKU014,139
2026-08-15,LKO04,SKU015,252
2026-08-15,LKO04,SKU016,430
2026-08-15,LKO04,SKU017,287
2026-08-15,LKO04,SKU018,413
2026-08-16,LKO04,SKU001,21
2026-08-16,LKO04,SKU002,21
2026-08-16,LKO04,SKU003,26
2026-08-16,LKO04,SKU004,29
2026-08-16,LKO04,SKU005,17
2026-08-16,LKO04,SKU006,15
2026-08-16,LKO04,SKU007,20
2026-08-16,LKO04,SKU008,40
2026-08-16,LKO04,SKU009,44
2026-08-16,LKO04,SKU010,43
2026-08-16,LKO04,SKU011,134
2026-08-16,LKO04,SKU012,17
2026-08-16,LKO04,SKU013,114
2026-08-16,LKO04,SKU014,138
2026-08-16,LKO04,SKU015,239
2026-08-16,LKO04,SKU016,443
2026-08-16,LKO04,SKU017,293
2026-08-16,LKO04,SKU018,439
2026-08-17,LKO04,SKU001,25
2026-08-17,LKO04,SKU002,36
2026-08-17,LKO04,SKU003,16
2026-08-17,LKO04,SKU004,37
2026-08-17,LKO04,SKU005,26
2026-08-17,LKO04,SKU006,28
2026-08-17,LKO04,SKU007,30
2026-08-17,LKO04,SKU008,21
2026-08-17,LKO04,SKU009,24
2026-08-17,LKO04,SKU010,30
2026-08-17,LKO04,SKU011,118
2026-08-17,LKO04,SKU012,23
2026-08-17,LKO04,SKU013,127
2026-08-17,LKO04,SKU014,157
2026-08-17,LKO04,SKU015,236
2026-08-17,LKO04,SKU016,476
2026-08-17,LKO04,SKU017,303
2026-08-17,LKO04,SKU018,467
2026-08-18,LKO04,SKU001,34
2026-08-18,LKO04,SKU002,18
2026-08-18,LKO04,SKU003,36
2026-08-18,LKO04,SKU004,29
2026-08-18,LKO04,SKU005,31
2026-08-18,LKO04,SKU006,36
2026-08-18,LKO04,SKU007,22
2026-08-18,LKO04,SKU008,16
2026-08-18,LKO04,SKU009,19
2026-08-18,LKO04,SKU010,24
2026-08-18,LKO04,SKU011,122
2026-08-18,LKO04,SKU012,28
2026-08-18,LKO04,SKU013,132
2026-08-18,LKO04,SKU014,173
2026-08-18,LKO04,SKU015,238
2026-08-18,LKO04,SKU016,490
2026-08-18,LKO04,SKU017,307
2026-08-18,LKO04,SKU018,479
2026-08-19,LKO04,SKU001,24
2026-08-19,LKO04,SKU002,27
2026-08-19,LKO04,SKU003,16
2026-08-19,LKO04,SKU004,22
2026-08-19,LKO04,SKU005,38
2026-08-19,LKO04,SKU006,31
2026-08-19,LKO04,SKU007,22
2026-08-19,LKO04,SKU008,35
2026-08-19,LKO04,SKU009,17
2026-08-19,LKO04,SKU010,41
2026-08-19,LKO04,SKU011,138
2026-08-19,LKO04,SKU012,41
2026-08-19,LKO04,SKU013,131
2026-08-19,LKO04,SKU014,182
2026-08-19,LKO04,SKU015,252
2026-08-19,LKO04,SKU016,513
2026-08-19,LKO04,SKU017,312
2026-08-19,LKO04,SKU018,515
2026-08-20,LKO04,SKU001,32
2026-08-20,LKO04,SKU002,40
2026-08-20,LKO04,SKU003,20
2026-08-20,LKO04,SKU004,33
2026-08-20,LKO04,SKU005,31
2026-08-20,LKO04,SKU006,33
2026-08-20,LKO04,SKU007,31
2026-08-20,LKO04,SKU008,44
2026-08-20,LKO04,SKU009,41
2026-08-20,LKO04,SKU010,31
2026-08-20,LKO04,SKU011,130
2026-08-20,LKO04,SKU012,41
2026-08-20,LKO04,SKU013,118
2026-08-20,LKO04,SKU014,195
2026-08-20,LKO04,SKU015,253
2026-08-20,LKO04,SKU016,540
2026-08-20,LKO04,SKU017,333
2026-08-20,LKO04,SKU018,543
2026-08-21,LKO04,SKU001,38
2026-08-21,LKO04,SKU002,17
2026-08-21,LKO04,SKU003,41
2026-08-21,LKO04,SKU004,25
2026-08-21,LKO04,SKU005,21
2026-08-21,LKO04,SKU006,38
2026-08-21,LKO04,SKU007,37
2026-08-21,LKO04,SKU008,17
2026-08-21,LKO04,SKU009,32
2026-08-21,LKO04,SKU010,33
2026-08-21,LKO04,SKU011,123
2026-08-21,LKO04,SKU012,31
2026-08-21,LKO04,SKU013,114
2026-08-21,LKO04,SKU014,193
2026-08-21,LKO04,SKU015,259
2026-08-21,LKO04,SKU016,551
2026-08-21,LKO04,SKU017,361
2026-08-21,LKO04,SKU018,558
2026-08-22,LKO04,SKU001,29
2026-08-22,LKO04,SKU002,35
2026-08-22,LKO04,SKU003,43
2026-08-22,LKO04,SKU004,24
2026-08-22,LKO04,SKU005,39
2026-08-22,LKO04,SKU006,35
2026-08-22,LKO04,SKU007,15
2026-08-22,LKO04,SKU008,28
2026-08-22,LKO04,SKU009,37
2026-08-22,LKO04,SKU010,28
2026-08-22,LKO04,SKU011,125
2026-08-22,LKO04,SKU012,28
2026-08-22,LKO04,SKU013,105
2026-08-22,LKO04,SKU014,192
2026-08-22,LKO04,SKU015,271
2026-08-22,LKO04,SKU016,578
2026-08-22,LKO04,SKU017,379
2026-08-22,LKO04,SKU018,569
2026-08-23,LKO04,SKU001,23
2026-08-23,LKO04,SKU002,43
2026-08-23,LKO04,SKU003,33
2026-08-23,LKO04,SKU004,15
2026-08-23,LKO04,SKU005,37
2026-08-23,LKO04,SKU006,17
2026-08-23,LKO04,SKU007,25
2026-08-23,LKO04,SKU008,25
2026-08-23,LKO04,SKU009,33
2026-08-23,LKO04,SKU010,34
2026-08-23,LKO04,SKU011,118
2026-08-23,LKO04,SKU012,33
2026-08-23,LKO04,SKU013,96
2026-08-23,LKO04,SKU014,219
2026-08-23,LKO04,SKU015,270
2026-08-23,LKO04,SKU016,612
2026-08-23,LKO04,SKU017,414
2026-08-23,LKO04,SKU018,600
2026-08-24,LKO04,SKU001,17
2026-08-24,LKO04,SKU002,15
2026-08-24,LKO04,SKU003,21
2026-08-24,LKO04,SKU004,36
2026-08-24,LKO04,SKU005,38
2026-08-24,LKO04,SKU006,27
2026-08-24,LKO04,SKU007,16
2026-08-24,LKO04,SKU008,44
2026-08-24,LKO04,SKU009,25
2026-08-24,LKO04,SKU010,23
2026-08-24,LKO04,SKU011,96
2026-08-24,LKO04,SKU012,36
2026-08-24,LKO04,SKU013,83
2026-08-24,LKO04,SKU014,226
2026-08-24,LKO04,SKU015,277
2026-08-24,LKO04,SKU016,634
2026-08-24,LKO04,SKU017,431
2026-08-24,LKO04,SKU018,632
2026-08-25,LKO04,SKU001,19
2026-08-25,LKO04,SKU002,32
2026-08-25,LKO04,SKU003,39
2026-08-25,LKO04,SKU004,18
2026-08-25,LKO04,SKU005,39
2026-08-25,LKO04,SKU006,26
2026-08-25,LKO04,SKU007,20
2026-08-25,LKO04,SKU008,33
2026-08-25,LKO04,SKU009,35
2026-08-25,LKO04,SKU010,15
2026-08-25,LKO04,SKU011,111
2026-08-25,LKO04,SKU012,28
2026-08-25,LKO04,SKU013,96
2026-08-25,LKO04,SKU014,250
2026-08-25,LKO04,SKU015,282
2026-08-25,LKO04,SKU016,648
2026-08-25,LKO04,SKU017,436
2026-08-25,LKO04,SKU018,650
2026-08-26,LKO04,SKU001,34
2026-08-26,LKO04,SKU002,16
2026-08-26,LKO04,SKU003,38
2026-08-26,LKO04,SKU004,43
2026-08-26,LKO04,SKU005,21
2026-08-26,LKO04,SKU006,26
2026-08-26,LKO04,SKU007,26
2026-08-26,LKO04,SKU008,40
2026-08-26,LKO04,SKU009,34
2026-08-26,LKO04,SKU010,41
2026-08-26,LKO04,SKU011,120
2026-08-26,LKO04,SKU012,37
2026-08-26,LKO04,SKU013,116
2026-08-26,LKO04,SKU014,259
2026-08-26,LKO04,SKU015,299
2026-08-26,LKO04,SKU016,680
2026-08-26,LKO04,SKU017,442
2026-08-26,LKO04,SKU018,680
2026-08-27,LKO04,SKU001,16
2026-08-27,LKO04,SKU002,37
2026-08-27,LKO04,SKU003,23
2026-08-27,LKO04,SKU004,27
2026-08-27,LKO04,SKU005,29
2026-08-27,LKO04,SKU006,40
2026-08-27,LKO04,SKU007,37
2026-08-27,LKO04,SKU008,32
2026-08-27,LKO04,SKU009,28
2026-08-27,LKO04,SKU010,19
2026-08-27,LKO04,SKU011,130
2026-08-27,LKO04,SKU012,35
2026-08-27,LKO04,SKU013,124
2026-08-27,LKO04,SKU014,278
2026-08-27,LKO04,SKU015,295
2026-08-27,LKO04,SKU016,709
2026-08-27,LKO04,SKU017,450
2026-08-27,LKO04,SKU018,708
2026-08-28,LKO04,SKU001,23
2026-08-28,LKO04,SKU002,42
2026-08-28,LKO04,SKU003,33
2026-08-28,LKO04,SKU004,21
2026-08-28,LKO04,SKU005,36
2026-08-28,LKO04,SKU006,21
2026-08-28,LKO04,SKU007,21
2026-08-28,LKO04,SKU008,26
2026-08-28,LKO04,SKU009,35
2026-08-28,LKO04,SKU010,16
2026-08-28,LKO04,SKU011,139
2026-08-28,LKO04,SKU012,21
2026-08-28,LKO04,SKU013,127
2026-08-28,LKO04,SKU014,302
2026-08-28,LKO04,SKU015,315
2026-08-28,LKO04,SKU016,744
2026-08-28,LKO04,SKU017,461
2026-08-28,LKO04,SKU018,743
2026-08-29,LKO04,SKU001,29
2026-08-29,LKO04,SKU002,21
2026-08-29,LKO04,SKU003,19
2026-08-29,LKO04,SKU004,25
2026-08-29,LKO04,SKU005,18
2026-08-29,LKO04,SKU006,35
2026-08-29,LKO04,SKU007,28
2026-08-29,LKO04,SKU008,17
2026-08-29,LKO04,SKU009,40
2026-08-29,LKO04,SKU010,26
2026-08-29,LKO04,SKU011,145
2026-08-29,LKO04,SKU012,34
2026-08-29,LKO04,SKU013,140
2026-08-29,LKO04,SKU014,321
2026-08-29,LKO04,SKU015,321
2026-08-29,LKO04,SKU016,783
2026-08-29,LKO04,SKU017,475
2026-08-29,LKO04,SKU018,758
2026-08-30,LKO04,SKU001,35
2026-08-30,LKO04,SKU002,25
2026-08-30,LKO04,SKU003,19
2026-08-30,LKO04,SKU004,26
2026-08-30,LKO04,SKU005,21
2026-08-30,LKO04,SKU006,37
2026-08-30,LKO04,SKU007,23
2026-08-30,LKO04,SKU008,43
2026-08-30,LKO04,SKU009,32
2026-08-30,LKO04,SKU010,15
2026-08-30,LKO04,SKU011,136
2026-08-30,LKO04,SKU012,36
2026-08-30,LKO04,SKU013,146
2026-08-30,LKO04,SKU014,314
2026-08-30,LKO04,SKU015,338
2026-08-30,LKO04,SKU016,818
2026-08-30,LKO04,SKU017,505
2026-08-30,LKO04,SKU018,785
2026-08-01,LKO05,SKU001,108
2026-08-01,LKO05,SKU002,112
2026-08-01,LKO05,SKU003,87
2026-08-01,LKO05,SKU004,123
2026-08-01,LKO05,SKU005,126
2026-08-01,LKO05,SKU006,148
2026-08-01,LKO05,SKU007,73
2026-08-01,LKO05,SKU008,76
2026-08-01,LKO05,SKU009,90
2026-08-01,LKO05,SKU010,65
2026-08-01,LKO05,SKU011,79
2026-08-01,LKO05,SKU012,96
2026-08-01,LKO05,SKU013,126
2026-08-01,LKO05,SKU014,132
2026-08-01,LKO05,SKU015,105
2026-08-01,LKO05,SKU016,86
2026-08-01,LKO05,SKU017,137
2026-08-01,LKO05,SKU018,118
2026-08-02,LKO05,SKU001,16
2026-08-02,LKO05,SKU002,98
2026-08-02,LKO05,SKU003,65
2026-08-02,LKO05,SKU004,21
2026-08-02,LKO05,SKU005,31
2026-08-02,LKO05,SKU006,57
2026-08-02,LKO05,SKU007,20
2026-08-02,LKO05,SKU008,39
2026-08-02,LKO05,SKU009,56
2026-08-02,LKO05,SKU010,25
2026-08-02,LKO05,SKU011,84
2026-08-02,LKO05,SKU012,30
2026-08-02,LKO05,SKU013,114
2026-08-02,LKO05,SKU014,135
2026-08-02,LKO05,SKU015,122
2026-08-02,LKO05,SKU016,103
2026-08-02,LKO05,SKU017,155
2026-08-02,LKO05,SKU018,136
2026-08-03,LKO05,SKU001,25
2026-08-03,LKO05,SKU002,58
2026-08-03,LKO05,SKU003,40
2026-08-03,LKO05,SKU004,38
2026-08-03,LKO05,SKU005,15
2026-08-03,LKO05,SKU006,18
2026-08-03,LKO05,SKU007,29
2026-08-03,LKO05,SKU008,17
2026-08-03,LKO05,SKU009,26
2026-08-03,LKO05,SKU010,19
2026-08-03,LKO05,SKU011,71
2026-08-03,LKO05,SKU012,43
2026-08-03,LKO05,SKU013,103
2026-08-03,LKO05,SKU014,139
2026-08-03,LKO05,SKU015,131
2026-08-03,LKO05,SKU016,129
2026-08-03,LKO05,SKU017,187
2026-08-03,LKO05,SKU018,157
2026-08-04,LKO05,SKU001,40
2026-08-04,LKO05,SKU002,27
2026-08-04,LKO05,SKU003,24
2026-08-04,LKO05,SKU004,33
2026-08-04,LKO05,SKU005,30
2026-08-04,LKO05,SKU006,31
2026-08-04,LKO05,SKU007,39
2026-08-04,LKO05,SKU008,36
2026-08-04,LKO05,SKU009,24
2026-08-04,LKO05,SKU010,29
2026-08-04,LKO05,SKU011,52
2026-08-04,LKO05,SKU012,22
2026-08-04,LKO05,SKU013,96
2026-08-04,LKO05,SKU014,148
2026-08-04,LKO05,SKU015,149
2026-08-04,LKO05,SKU016,139
2026-08-04,LKO05,SKU017,202
2026-08-04,LKO05,SKU018,171
2026-08-05,LKO05,SKU001,15
2026-08-05,LKO05,SKU002,44
2026-08-05,LKO05,SKU003,15
2026-08-05,LKO05,SKU004,15
2026-08-05,LKO05,SKU005,22
2026-08-05,LKO05,SKU006,41
2026-08-05,LKO05,SKU007,39
2026-08-05,LKO05,SKU008,28
2026-08-05,LKO05,SKU009,17
2026-08-05,LKO05,SKU010,39
2026-08-05,LKO05,SKU011,66
2026-08-05,LKO05,SKU012,34
2026-08-05,LKO05,SKU013,106
2026-08-05,LKO05,SKU014,158
2026-08-05,LKO05,SKU015,149
2026-08-05,LKO05,SKU016,173
2026-08-05,LKO05,SKU017,227
2026-08-05,LKO05,SKU018,201
2026-08-06,LKO05,SKU001,23
2026-08-06,LKO05,SKU002,30
2026-08-06,LKO05,SKU003,29
2026-08-06,LKO05,SKU004,44
2026-08-06,LKO05,SKU005,34
2026-08-06,LKO05,SKU006,34
2026-08-06,LKO05,SKU007,39
2026-08-06,LKO05,SKU008,25
2026-08-06,LKO05,SKU009,17
2026-08-06,LKO05,SKU010,18
2026-08-06,LKO05,SKU011,42
2026-08-06,LKO05,SKU012,18
2026-08-06,LKO05,SKU013,114
2026-08-06,LKO05,SKU014,180
2026-08-06,LKO05,SKU015,162
2026-08-06,LKO05,SKU016,200
2026-08-06,LKO05,SKU017,235
2026-08-06,LKO05,SKU018,211
2026-08-07,LKO05,SKU001,41
2026-08-07,LKO05,SKU002,18
2026-08-07,LKO05,SKU003,39
2026-08-07,LKO05,SKU004,34
2026-08-07,LKO05,SKU005,28
2026-08-07,LKO05,SKU006,28
2026-08-07,LKO05,SKU007,41
2026-08-07,LKO05,SKU008,27
2026-08-07,LKO05,SKU009,41
2026-08-07,LKO05,SKU010,31
2026-08-07,LKO05,SKU011,52
2026-08-07,LKO05,SKU012,19
2026-08-07,LKO05,SKU013,118
2026-08-07,LKO05,SKU014,179
2026-08-07,LKO05,SKU015,171
2026-08-07,LKO05,SKU016,232
2026-08-07,LKO05,SKU017,250
2026-08-07,LKO05,SKU018,227
2026-08-08,LKO05,SKU001,42
2026-08-08,LKO05,SKU002,37
2026-08-08,LKO05,SKU003,31
2026-08-08,LKO05,SKU004,35
2026-08-08,LKO05,SKU005,41
2026-08-08,LKO05,SKU006,29
2026-08-08,LKO05,SKU007,17
2026-08-08,LKO05,SKU008,26
2026-08-08,LKO05,SKU009,28
2026-08-08,LKO05,SKU010,40
2026-08-08,LKO05,SKU011,58
2026-08-08,LKO05,SKU012,18
2026-08-08,LKO05,SKU013,116
2026-08-08,LKO05,SKU014,177
2026-08-08,LKO05,SKU015,170
2026-08-08,LKO05,SKU016,250
2026-08-08,LKO05,SKU017,278
2026-08-08,LKO05,SKU018,242
2026-08-09,LKO05,SKU001,30
2026-08-09,LKO05,SKU002,28
2026-08-09,LKO05,SKU003,37
2026-08-09,LKO05,SKU004,18
2026-08-09,LKO05,SKU005,35
2026-08-09,LKO05,SKU006,36
2026-08-09,LKO05,SKU007,29
2026-08-09,LKO05,SKU008,29
2026-08-09,LKO05,SKU009,27
2026-08-09,LKO05,SKU010,40
2026-08-09,LKO05,SKU011,66
2026-08-09,LKO05,SKU012,24
2026-08-09,LKO05,SKU013,104
2026-08-09,LKO05,SKU014,179
2026-08-09,LKO05,SKU015,200
2026-08-09,LKO05,SKU016,268
2026-08-09,LKO05,SKU017,303
2026-08-09,LKO05,SKU018,270
2026-08-10,LKO05,SKU001,27
2026-08-10,LKO05,SKU002,16
2026-08-10,LKO05,SKU003,17
2026-08-10,LKO05,SKU004,15
2026-08-10,LKO05,SKU005,17
2026-08-10,LKO05,SKU006,18
2026-08-10,LKO05,SKU007,34
2026-08-10,LKO05,SKU008,18
2026-08-10,LKO05,SKU009,38
2026-08-10,LKO05,SKU010,43
2026-08-10,LKO05,SKU011,64
2026-08-10,LKO05,SKU012,16
2026-08-10,LKO05,SKU013,125
2026-08-10,LKO05,SKU014,171
2026-08-10,LKO05,SKU015,202
2026-08-10,LKO05,SKU016,303
2026-08-10,LKO05,SKU017,322
2026-08-10,LKO05,SKU018,301
2026-08-11,LKO05,SKU001,32
2026-08-11,LKO05,SKU002,22
2026-08-11,LKO05,SKU003,19
2026-08-11,LKO05,SKU004,40
2026-08-11,LKO05,SKU005,19
2026-08-11,LKO05,SKU006,43
2026-08-11,LKO05,SKU007,15
2026-08-11,LKO05,SKU008,17
2026-08-11,LKO05,SKU009,33
2026-08-11,LKO05,SKU010,40
2026-08-11,LKO05,SKU011,67
2026-08-11,LKO05,SKU012,20
2026-08-11,LKO05,SKU013,140
2026-08-11,LKO05,SKU014,188
2026-08-11,LKO05,SKU015,224
2026-08-11,LKO05,SKU016,318
2026-08-11,LKO05,SKU017,355
2026-08-11,LKO05,SKU018,318
2026-08-12,LKO05,SKU001,39
2026-08-12,LKO05,SKU002,23
2026-08-12,LKO05,SKU003,27
2026-08-12,LKO05,SKU004,28
2026-08-12,LKO05,SKU005,32
2026-08-12,LKO05,SKU006,19
2026-08-12,LKO05,SKU007,25
2026-08-12,LKO05,SKU008,18
2026-08-12,LKO05,SKU009,44
2026-08-12,LKO05,SKU010,44
2026-08-12,LKO05,SKU011,60
2026-08-12,LKO05,SKU012,18
2026-08-12,LKO05,SKU013,142
2026-08-12,LKO05,SKU014,206
2026-08-12,LKO05,SKU015,217
2026-08-12,LKO05,SKU016,342
2026-08-12,LKO05,SKU017,385
2026-08-12,LKO05,SKU018,332
2026-08-13,LKO05,SKU001,37
2026-08-13,LKO05,SKU002,43
2026-08-13,LKO05,SKU003,26
2026-08-13,LKO05,SKU004,17
2026-08-13,LKO05,SKU005,26
2026-08-13,LKO05,SKU006,26
2026-08-13,LKO05,SKU007,37
2026-08-13,LKO05,SKU008,27
2026-08-13,LKO05,SKU009,39
2026-08-13,LKO05,SKU010,23
2026-08-13,LKO05,SKU011,49
2026-08-13,LKO05,SKU012,44
2026-08-13,LKO05,SKU013,153
2026-08-13,LKO05,SKU014,223
2026-08-13,LKO05,SKU015,241
2026-08-13,LKO05,SKU016,382
2026-08-13,LKO05,SKU017,397
2026-08-13,LKO05,SKU018,372
2026-08-14,LKO05,SKU001,16
2026-08-14,LKO05,SKU002,23
2026-08-14,LKO05,SKU003,31
2026-08-14,LKO05,SKU004,38
2026-08-14,LKO05,SKU005,43
2026-08-14,LKO05,SKU006,29
2026-08-14,LKO05,SKU007,23
2026-08-14,LKO05,SKU008,20
2026-08-14,LKO05,SKU009,36
2026-08-14,LKO05,SKU010,24
2026-08-14,LKO05,SKU011,60
2026-08-14,LKO05,SKU012,23
2026-08-14,LKO05,SKU013,180
2026-08-14,LKO05,SKU014,228
2026-08-14,LKO05,SKU015,258
2026-08-14,LKO05,SKU016,389
2026-08-14,LKO05,SKU017,398
2026-08-14,LKO05,SKU018,391
2026-08-15,LKO05,SKU001,23
2026-08-15,LKO05,SKU002,32
2026-08-15,LKO05,SKU003,38
2026-08-15,LKO05,SKU004,29
2026-08-15,LKO05,SKU005,35
2026-08-15,LKO05,SKU006,43
2026-08-15,LKO05,SKU007,35
2026-08-15,LKO05,SKU008,31
2026-08-15,LKO05,SKU009,41
2026-08-15,LKO05,SKU010,29
2026-08-15,LKO05,SKU011,78
2026-08-15,LKO05,SKU012,32
2026-08-15,LKO05,SKU013,189
2026-08-15,LKO05,SKU014,244
2026-08-15,LKO05,SKU015,274
2026-08-15,LKO05,SKU016,424
2026-08-15,LKO05,SKU017,428
2026-08-15,LKO05,SKU018,408
2026-08-16,LKO05,SKU001,26
2026-08-16,LKO05,SKU002,25
2026-08-16,LKO05,SKU003,42
2026-08-16,LKO05,SKU004,33
2026-08-16,LKO05,SKU005,29
2026-08-16,LKO05,SKU006,35
2026-08-16,LKO05,SKU007,40
2026-08-16,LKO05,SKU008,37
2026-08-16,LKO05,SKU009,38
2026-08-16,LKO05,SKU010,29
2026-08-16,LKO05,SKU011,91
2026-08-16,LKO05,SKU012,16
2026-08-16,LKO05,SKU013,184
2026-08-16,LKO05,SKU014,258
2026-08-16,LKO05,SKU015,272
2026-08-16,LKO05,SKU016,448
2026-08-16,LKO05,SKU017,449
2026-08-16,LKO05,SKU018,435
2026-08-17,LKO05,SKU001,24
2026-08-17,LKO05,SKU002,15
2026-08-17,LKO05,SKU003,41
2026-08-17,LKO05,SKU004,42
2026-08-17,LKO05,SKU005,17
2026-08-17,LKO05,SKU006,39
2026-08-17,LKO05,SKU007,22
2026-08-17,LKO05,SKU008,36
2026-08-17,LKO05,SKU009,31
2026-08-17,LKO05,SKU010,26
2026-08-17,LKO05,SKU011,109
2026-08-17,LKO05,SKU012,18
2026-08-17,LKO05,SKU013,190
2026-08-17,LKO05,SKU014,269
2026-08-17,LKO05,SKU015,287
2026-08-17,LKO05,SKU016,460
2026-08-17,LKO05,SKU017,457
2026-08-17,LKO05,SKU018,446
2026-08-18,LKO05,SKU001,35
2026-08-18,LKO05,SKU002,31
2026-08-18,LKO05,SKU003,29
2026-08-18,LKO05,SKU004,18
2026-08-18,LKO05,SKU005,15
2026-08-18,LKO05,SKU006,23
2026-08-18,LKO05,SKU007,15
2026-08-18,LKO05,SKU008,30
2026-08-18,LKO05,SKU009,28
2026-08-18,LKO05,SKU010,36
2026-08-18,LKO05,SKU011,132
2026-08-18,LKO05,SKU012,25
2026-08-18,LKO05,SKU013,184
2026-08-18,LKO05,SKU014,282
2026-08-18,LKO05,SKU015,297
2026-08-18,LKO05,SKU016,476
2026-08-18,LKO05,SKU017,484
2026-08-18,LKO05,SKU018,477
2026-08-19,LKO05,SKU001,31
2026-08-19,LKO05,SKU002,37
2026-08-19,LKO05,SKU003,42
2026-08-19,LKO05,SKU004,30
2026-08-19,LKO05,SKU005,15
2026-08-19,LKO05,SKU006,19
2026-08-19,LKO05,SKU007,23
2026-08-19,LKO05,SKU008,34
2026-08-19,LKO05,SKU009,31
2026-08-19,LKO05,SKU010,32
2026-08-19,LKO05,SKU011,133
2026-08-19,LKO05,SKU012,22
2026-08-19,LKO05,SKU013,197
2026-08-19,LKO05,SKU014,286
2026-08-19,LKO05,SKU015,294
2026-08-19,LKO05,SKU016,517
2026-08-19,LKO05,SKU017,516
2026-08-19,LKO05,SKU018,485
2026-08-20,LKO05,SKU001,18
2026-08-20,LKO05,SKU002,18
2026-08-20,LKO05,SKU003,20
2026-08-20,LKO05,SKU004,39
2026-08-20,LKO05,SKU005,17
2026-08-20,LKO05,SKU006,22
2026-08-20,LKO05,SKU007,19
2026-08-20,LKO05,SKU008,29
2026-08-20,LKO05,SKU009,20
2026-08-20,LKO05,SKU010,15
2026-08-20,LKO05,SKU011,146
2026-08-20,LKO05,SKU012,20
2026-08-20,LKO05,SKU013,220
2026-08-20,LKO05,SKU014,281
2026-08-20,LKO05,SKU015,325
2026-08-20,LKO05,SKU016,545
2026-08-20,LKO05,SKU017,534
2026-08-20,LKO05,SKU018,511
2026-08-21,LKO05,SKU001,29
2026-08-21,LKO05,SKU002,26
2026-08-21,LKO05,SKU003,33
2026-08-21,LKO05,SKU004,36
2026-08-21,LKO05,SKU005,15
2026-08-21,LKO05,SKU006,20
2026-08-21,LKO05,SKU007,20
2026-08-21,LKO05,SKU008,17
2026-08-21,LKO05,SKU009,32
2026-08-21,LKO05,SKU010,44
2026-08-21,LKO05,SKU011,151
2026-08-21,LKO05,SKU012,23
2026-08-21,LKO05,SKU013,214
2026-08-21,LKO05,SKU014,279
2026-08-21,LKO05,SKU015,339
2026-08-21,LKO05,SKU016,567
2026-08-21,LKO05,SKU017,570
2026-08-21,LKO05,SKU018,534
2026-08-22,LKO05,SKU001,27
2026-08-22,LKO05,SKU002,42
2026-08-22,LKO05,SKU003,42
2026-08-22,LKO05,SKU004,17
2026-08-22,LKO05,SKU005,22
2026-08-22,LKO05,SKU006,16
2026-08-22,LKO05,SKU007,33
2026-08-22,LKO05,SKU008,34
2026-08-22,LKO05,SKU009,16
2026-08-22,LKO05,SKU010,23
2026-08-22,LKO05,SKU011,172
2026-08-22,LKO05,SKU012,38
2026-08-22,LKO05,SKU013,217
2026-08-22,LKO05,SKU014,297
2026-08-22,LKO05,SKU015,367
2026-08-22,LKO05,SKU016,606
2026-08-22,LKO05,SKU017,593
2026-08-22,LKO05,SKU018,559
2026-08-23,LKO05,SKU001,31
2026-08-23,LKO05,SKU002,40
2026-08-23,LKO05,SKU003,17
2026-08-23,LKO05,SKU004,38
2026-08-23,LKO05,SKU005,17
2026-08-23,LKO05,SKU006,42
2026-08-23,LKO05,SKU007,19
2026-08-23,LKO05,SKU008,38
2026-08-23,LKO05,SKU009,29
2026-08-23,LKO05,SKU010,29
2026-08-23,LKO05,SKU011,158
2026-08-23,LKO05,SKU012,19
2026-08-23,LKO05,SKU013,216
2026-08-23,LKO05,SKU014,288
2026-08-23,LKO05,SKU015,379
2026-08-23,LKO05,SKU016,644
2026-08-23,LKO05,SKU017,618
2026-08-23,LKO05,SKU018,578
2026-08-24,LKO05,SKU001,41
2026-08-24,LKO05,SKU002,29
2026-08-24,LKO05,SKU003,34
2026-08-24,LKO05,SKU004,40
2026-08-24,LKO05,SKU005,44
2026-08-24,LKO05,SKU006,23
2026-08-24,LKO05,SKU007,38
2026-08-24,LKO05,SKU008,37
2026-08-24,LKO05,SKU009,30
2026-08-24,LKO05,SKU010,16
2026-08-24,LKO05,SKU011,178
2026-08-24,LKO05,SKU012,21
2026-08-24,LKO05,SKU013,220
2026-08-24,LKO05,SKU014,297
2026-08-24,LKO05,SKU015,404
2026-08-24,LKO05,SKU016,663
2026-08-24,LKO05,SKU017,652
2026-08-24,LKO05,SKU018,599
2026-08-25,LKO05,SKU001,20
2026-08-25,LKO05,SKU002,42
2026-08-25,LKO05,SKU003,25
2026-08-25,LKO05,SKU004,15
2026-08-25,LKO05,SKU005,42
2026-08-25,LKO05,SKU006,21
2026-08-25,LKO05,SKU007,34
2026-08-25,LKO05,SKU008,23
2026-08-25,LKO05,SKU009,42
2026-08-25,LKO05,SKU010,22
2026-08-25,LKO05,SKU011,173
2026-08-25,LKO05,SKU012,26
2026-08-25,LKO05,SKU013,221
2026-08-25,LKO05,SKU014,301
2026-08-25,LKO05,SKU015,415
2026-08-25,LKO05,SKU016,677
2026-08-25,LKO05,SKU017,664
2026-08-25,LKO05,SKU018,635
2026-08-26,LKO05,SKU001,18
2026-08-26,LKO05,SKU002,16
2026-08-26,LKO05,SKU003,21
2026-08-26,LKO05,SKU004,25
2026-08-26,LKO05,SKU005,22
2026-08-26,LKO05,SKU006,44
2026-08-26,LKO05,SKU007,25
2026-08-26,LKO05,SKU008,41
2026-08-26,LKO05,SKU009,30
2026-08-26,LKO05,SKU010,31
2026-08-26,LKO05,SKU011,177
2026-08-26,LKO05,SKU012,19
2026-08-26,LKO05,SKU013,223
2026-08-26,LKO05,SKU014,313
2026-08-26,LKO05,SKU015,417
2026-08-26,LKO05,SKU016,700
2026-08-26,LKO05,SKU017,690
2026-08-26,LKO05,SKU018,653
2026-08-27,LKO05,SKU001,38
2026-08-27,LKO05,SKU002,41
2026-08-27,LKO05,SKU003,20
2026-08-27,LKO05,SKU004,27
2026-08-27,LKO05,SKU005,42
2026-08-27,LKO05,SKU006,33
2026-08-27,LKO05,SKU007,17
2026-08-27,LKO05,SKU008,43
2026-08-27,LKO05,SKU009,34
2026-08-27,LKO05,SKU010,30
2026-08-27,LKO05,SKU011,199
2026-08-27,LKO05,SKU012,37
2026-08-27,LKO05,SKU013,235
2026-08-27,LKO05,SKU014,310
2026-08-27,LKO05,SKU015,436
2026-08-27,LKO05,SKU016,729
2026-08-27,LKO05,SKU017,696
2026-08-27,LKO05,SKU018,689
2026-08-28,LKO05,SKU001,19
2026-08-28,LKO05,SKU002,17
2026-08-28,LKO05,SKU003,26
2026-08-28,LKO05,SKU004,39
2026-08-28,LKO05,SKU005,17
2026-08-28,LKO05,SKU006,39
2026-08-28,LKO05,SKU007,18
2026-08-28,LKO05,SKU008,32
2026-08-28,LKO05,SKU009,31
2026-08-28,LKO05,SKU010,36
2026-08-28,LKO05,SKU011,202
2026-08-28,LKO05,SKU012,37
2026-08-28,LKO05,SKU013,235
2026-08-28,LKO05,SKU014,308
2026-08-28,LKO05,SKU015,467
2026-08-28,LKO05,SKU016,738
2026-08-28,LKO05,SKU017,711
2026-08-28,LKO05,SKU018,701
2026-08-29,LKO05,SKU001,27
2026-08-29,LKO05,SKU002,35
2026-08-29,LKO05,SKU003,33
2026-08-29,LKO05,SKU004,30
2026-08-29,LKO05,SKU005,15
2026-08-29,LKO05,SKU006,16
2026-08-29,LKO05,SKU007,16
2026-08-29,LKO05,SKU008,27
2026-08-29,LKO05,SKU009,15
2026-08-29,LKO05,SKU010,37
2026-08-29,LKO05,SKU011,221
2026-08-29,LKO05,SKU012,24
2026-08-29,LKO05,SKU013,243
2026-08-29,LKO05,SKU014,303
2026-08-29,LKO05,SKU015,468
2026-08-29,LKO05,SKU016,754
2026-08-29,LKO05,SKU017,728
2026-08-29,LKO05,SKU018,724
2026-08-30,LKO05,SKU001,16
2026-08-30,LKO05,SKU002,35
2026-08-30,LKO05,SKU003,28
2026-08-30,LKO05,SKU004,17
2026-08-30,LKO05,SKU005,36
2026-08-30,LKO05,SKU006,15
2026-08-30,LKO05,SKU007,16
2026-08-30,LKO05,SKU008,31
2026-08-30,LKO05,SKU009,30
2026-08-30,LKO05,SKU010,26
2026-08-30,LKO05,SKU011,212
2026-08-30,LKO05,SKU012,38
2026-08-30,LKO05,SKU013,231
2026-08-30,LKO05,SKU014,312
2026-08-30,LKO05,SKU015,481
2026-08-30,LKO05,SKU016,766
2026-08-30,LKO05,SKU017,746
2026-08-30,LKO05,SKU018,750
2026-08-01,LKO06,SKU001,114
2026-08-01,LKO06,SKU002,136
2026-08-01,LKO06,SKU003,89
2026-08-01,LKO06,SKU004,110
2026-08-01,LKO06,SKU005,122
2026-08-01,LKO06,SKU006,95
2026-08-01,LKO06,SKU007,91
2026-08-01,LKO06,SKU008,139
2026-08-01,LKO06,SKU009,108
2026-08-01,LKO06,SKU010,124
2026-08-01,LKO06,SKU011,108
2026-08-01,LKO06,SKU012,156
2026-08-01,LKO06,SKU013,118
2026-08-01,LKO06,SKU014,86
2026-08-01,LKO06,SKU015,133
2026-08-01,LKO06,SKU016,101
2026-08-01,LKO06,SKU017,115
2026-08-01,LKO06,SKU018,123
2026-08-02,LKO06,SKU001,48
2026-08-02,LKO06,SKU002,101
2026-08-02,LKO06,SKU003,85
2026-08-02,LKO06,SKU004,36
2026-08-02,LKO06,SKU005,82
2026-08-02,LKO06,SKU006,52
2026-08-02,LKO06,SKU007,66
2026-08-02,LKO06,SKU008,113
2026-08-02,LKO06,SKU009,101
2026-08-02,LKO06,SKU010,99
2026-08-02,LKO06,SKU011,122
2026-08-02,LKO06,SKU012,137
2026-08-02,LKO06,SKU013,134
2026-08-02,LKO06,SKU014,84
2026-08-02,LKO06,SKU015,141
2026-08-02,LKO06,SKU016,123
2026-08-02,LKO06,SKU017,146
2026-08-02,LKO06,SKU018,141
2026-08-03,LKO06,SKU001,20
2026-08-03,LKO06,SKU002,72
2026-08-03,LKO06,SKU003,82
2026-08-03,LKO06,SKU004,41
2026-08-03,LKO06,SKU005,36
2026-08-03,LKO06,SKU006,35
2026-08-03,LKO06,SKU007,21
2026-08-03,LKO06,SKU008,79
2026-08-03,LKO06,SKU009,80
2026-08-03,LKO06,SKU010,66
2026-08-03,LKO06,SKU011,121
2026-08-03,LKO06,SKU012,130
2026-08-03,LKO06,SKU013,145
2026-08-03,LKO06,SKU014,82
2026-08-03,LKO06,SKU015,168
2026-08-03,LKO06,SKU016,138
2026-08-03,LKO06,SKU017,182
2026-08-03,LKO06,SKU018,164
2026-08-04,LKO06,SKU001,38
2026-08-04,LKO06,SKU002,57
2026-08-04,LKO06,SKU003,62
2026-08-04,LKO06,SKU004,31
2026-08-04,LKO06,SKU005,43
2026-08-04,LKO06,SKU006,32
2026-08-04,LKO06,SKU007,40
2026-08-04,LKO06,SKU008,49
2026-08-04,LKO06,SKU009,89
2026-08-04,LKO06,SKU010,71
2026-08-04,LKO06,SKU011,115
2026-08-04,LKO06,SKU012,118
2026-08-04,LKO06,SKU013,149
2026-08-04,LKO06,SKU014,106
2026-08-04,LKO06,SKU015,199
2026-08-04,LKO06,SKU016,174
2026-08-04,LKO06,SKU017,216
2026-08-04,LKO06,SKU018,176
2026-08-05,LKO06,SKU001,33
2026-08-05,LKO06,SKU002,70
2026-08-05,LKO06,SKU003,50
2026-08-05,LKO06,SKU004,40
2026-08-05,LKO06,SKU005,31
2026-08-05,LKO06,SKU006,36
2026-08-05,LKO06,SKU007,30
2026-08-05,LKO06,SKU008,42
2026-08-05,LKO06,SKU009,81
2026-08-05,LKO06,SKU010,75
2026-08-05,LKO06,SKU011,111
2026-08-05,LKO06,SKU012,99
2026-08-05,LKO06,SKU013,173
2026-08-05,LKO06,SKU014,120
2026-08-05,LKO06,SKU015,214
2026-08-05,LKO06,SKU016,212
2026-08-05,LKO06,SKU017,233
2026-08-05,LKO06,SKU018,196
2026-08-06,LKO06,SKU001,36
2026-08-06,LKO06,SKU002,74
2026-08-06,LKO06,SKU003,59
2026-08-06,LKO06,SKU004,44
2026-08-06,LKO06,SKU005,43
2026-08-06,LKO06,SKU006,34
2026-08-06,LKO06,SKU007,42
2026-08-06,LKO06,SKU008,23
2026-08-06,LKO06,SKU009,93
2026-08-06,LKO06,SKU010,72
2026-08-06,LKO06,SKU011,120
2026-08-06,LKO06,SKU012,93
2026-08-06,LKO06,SKU013,184
2026-08-06,LKO06,SKU014,130
2026-08-06,LKO06,SKU015,230
2026-08-06,LKO06,SKU016,249
2026-08-06,LKO06,SKU017,249
2026-08-06,LKO06,SKU018,218
2026-08-07,LKO06,SKU001,23
2026-08-07,LKO06,SKU002,76
2026-08-07,LKO06,SKU003,46
2026-08-07,LKO06,SKU004,16
2026-08-07,LKO06,SKU005,35
2026-08-07,LKO06,SKU006,44
2026-08-07,LKO06,SKU007,43
2026-08-07,LKO06,SKU008,43
2026-08-07,LKO06,SKU009,109
2026-08-07,LKO06,SKU010,61
2026-08-07,LKO06,SKU011,139
2026-08-07,LKO06,SKU012,79
2026-08-07,LKO06,SKU013,207
2026-08-07,LKO06,SKU014,161
2026-08-07,LKO06,SKU015,245
2026-08-07,LKO06,SKU016,263
2026-08-07,LKO06,SKU017,287
2026-08-07,LKO06,SKU018,252
2026-08-08,LKO06,SKU001,44
2026-08-08,LKO06,SKU002,84
2026-08-08,LKO06,SKU003,35
2026-08-08,LKO06,SKU004,23
2026-08-08,LKO06,SKU005,15
2026-08-08,LKO06,SKU006,24
2026-08-08,LKO06,SKU007,35
2026-08-08,LKO06,SKU008,36
2026-08-08,LKO06,SKU009,119
2026-08-08,LKO06,SKU010,60
2026-08-08,LKO06,SKU011,155
2026-08-08,LKO06,SKU012,71
2026-08-08,LKO06,SKU013,235
2026-08-08,LKO06,SKU014,195
2026-08-08,LKO06,SKU015,256
2026-08-08,LKO06,SKU016,294
2026-08-08,LKO06,SKU017,325
2026-08-08,LKO06,SKU018,277
2026-08-09,LKO06,SKU001,33
2026-08-09,LKO06,SKU002,82
2026-08-09,LKO06,SKU003,19
2026-08-09,LKO06,SKU004,31
2026-08-09,LKO06,SKU005,17
2026-08-09,LKO06,SKU006,26
2026-08-09,LKO06,SKU007,28
2026-08-09,LKO06,SKU008,36
2026-08-09,LKO06,SKU009,118
2026-08-09,LKO06,SKU010,46
2026-08-09,LKO06,SKU011,164
2026-08-09,LKO06,SKU012,61
2026-08-09,LKO06,SKU013,251
2026-08-09,LKO06,SKU014,222
2026-08-09,LKO06,SKU015,277
2026-08-09,LKO06,SKU016,312
2026-08-09,LKO06,SKU017,357
2026-08-09,LKO06,SKU018,296
2026-08-10,LKO06,SKU001,31
2026-08-10,LKO06,SKU002,82
2026-08-10,LKO06,SKU003,39
2026-08-10,LKO06,SKU004,28
2026-08-10,LKO06,SKU005,29
2026-08-10,LKO06,SKU006,23
2026-08-10,LKO06,SKU007,30
2026-08-10,LKO06,SKU008,41
2026-08-10,LKO06,SKU009,129
2026-08-10,LKO06,SKU010,36
2026-08-10,LKO06,SKU011,163
2026-08-10,LKO06,SKU012,46
2026-08-10,LKO06,SKU013,267
2026-08-10,LKO06,SKU014,242
2026-08-10,LKO06,SKU015,299
2026-08-10,LKO06,SKU016,338
2026-08-10,LKO06,SKU017,375
2026-08-10,LKO06,SKU018,314
2026-08-11,LKO06,SKU001,36
2026-08-11,LKO06,SKU002,83
2026-08-11,LKO06,SKU003,28
2026-08-11,LKO06,SKU004,24
2026-08-11,LKO06,SKU005,25
2026-08-11,LKO06,SKU006,38
2026-08-11,LKO06,SKU007,23
2026-08-11,LKO06,SKU008,30
2026-08-11,LKO06,SKU009,138
2026-08-11,LKO06,SKU010,31
2026-08-11,LKO06,SKU011,190
2026-08-11,LKO06,SKU012,45
2026-08-11,LKO06,SKU013,273
2026-08-11,LKO06,SKU014,273
2026-08-11,LKO06,SKU015,316
2026-08-11,LKO06,SKU016,350
2026-08-11,LKO06,SKU017,383
2026-08-11,LKO06,SKU018,352
2026-08-12,LKO06,SKU001,19
2026-08-12,LKO06,SKU002,101
2026-08-12,LKO06,SKU003,30
2026-08-12,LKO06,SKU004,32
2026-08-12,LKO06,SKU005,31
2026-08-12,LKO06,SKU006,34
2026-08-12,LKO06,SKU007,32
2026-08-12,LKO06,SKU008,15
2026-08-12,LKO06,SKU009,159
2026-08-12,LKO06,SKU010,26
2026-08-12,LKO06,SKU011,211
2026-08-12,LKO06,SKU012,36
2026-08-12,LKO06,SKU013,280
2026-08-12,LKO06,SKU014,294
2026-08-12,LKO06,SKU015,334
2026-08-12,LKO06,SKU016,373
2026-08-12,LKO06,SKU017,415
2026-08-12,LKO06,SKU018,373
2026-08-13,LKO06,SKU001,36
2026-08-13,LKO06,SKU002,107
2026-08-13,LKO06,SKU003,40
2026-08-13,LKO06,SKU004,43
2026-08-13,LKO06,SKU005,32
2026-08-13,LKO06,SKU006,15
2026-08-13,LKO06,SKU007,17
2026-08-13,LKO06,SKU008,35
2026-08-13,LKO06,SKU009,163
2026-08-13,LKO06,SKU010,22
2026-08-13,LKO06,SKU011,206
2026-08-13,LKO06,SKU012,22
2026-08-13,LKO06,SKU013,291
2026-08-13,LKO06,SKU014,317
2026-08-13,LKO06,SKU015,362
2026-08-13,LKO06,SKU016,412
2026-08-13,LKO06,SKU017,442
2026-08-13,LKO06,SKU018,391
2026-08-14,LKO06,SKU001,19
2026-08-14,LKO06,SKU002,126
2026-08-14,LKO06,SKU003,38
2026-08-14,LKO06,SKU004,24
2026-08-14,LKO06,SKU005,28
2026-08-14,LKO06,SKU006,15
2026-08-14,LKO06,SKU007,22
2026-08-14,LKO06,SKU008,36
2026-08-14,LKO06,SKU009,160
2026-08-14,LKO06,SKU010,19
2026-08-14,LKO06,SKU011,231
2026-08-14,LKO06,SKU012,27
2026-08-14,LKO06,SKU013,326
2026-08-14,LKO06,SKU014,349
2026-08-14,LKO06,SKU015,389
2026-08-14,LKO06,SKU016,444
2026-08-14,LKO06,SKU017,484
2026-08-14,LKO06,SKU018,419
2026-08-15,LKO06,SKU001,15
2026-08-15,LKO06,SKU002,122
2026-08-15,LKO06,SKU003,44
2026-08-15,LKO06,SKU004,37
2026-08-15,LKO06,SKU005,26
2026-08-15,LKO06,SKU006,31
2026-08-15,LKO06,SKU007,21
2026-08-15,LKO06,SKU008,27
2026-08-15,LKO06,SKU009,156
2026-08-15,LKO06,SKU010,19
2026-08-15,LKO06,SKU011,247
2026-08-15,LKO06,SKU012,36
2026-08-15,LKO06,SKU013,347
2026-08-15,LKO06,SKU014,365
2026-08-15,LKO06,SKU015,391
2026-08-15,LKO06,SKU016,457
2026-08-15,LKO06,SKU017,513
2026-08-15,LKO06,SKU018,439
2026-08-16,LKO06,SKU001,38
2026-08-16,LKO06,SKU002,135
2026-08-16,LKO06,SKU003,25
2026-08-16,LKO06,SKU004,40
2026-08-16,LKO06,SKU005,31
2026-08-16,LKO06,SKU006,22
2026-08-16,LKO06,SKU007,36
2026-08-16,LKO06,SKU008,21
2026-08-16,LKO06,SKU009,154
2026-08-16,LKO06,SKU010,36
2026-08-16,LKO06,SKU011,264
2026-08-16,LKO06,SKU012,17
2026-08-16,LKO06,SKU013,357
2026-08-16,LKO06,SKU014,381
2026-08-16,LKO06,SKU015,400
2026-08-16,LKO06,SKU016,485
2026-08-16,LKO06,SKU017,551
2026-08-16,LKO06,SKU018,470
2026-08-17,LKO06,SKU001,28
2026-08-17,LKO06,SKU002,128
2026-08-17,LKO06,SKU003,44
2026-08-17,LKO06,SKU004,38
2026-08-17,LKO06,SKU005,18
2026-08-17,LKO06,SKU006,21
2026-08-17,LKO06,SKU007,26
2026-08-17,LKO06,SKU008,40
2026-08-17,LKO06,SKU009,153
2026-08-17,LKO06,SKU010,30
2026-08-17,LKO06,SKU011,272
2026-08-17,LKO06,SKU012,17
2026-08-17,LKO06,SKU013,365
2026-08-17,LKO06,SKU014,403
2026-08-17,LKO06,SKU015,429
2026-08-17,LKO06,SKU016,519
2026-08-17,LKO06,SKU017,587
2026-08-17,LKO06,SKU018,495
2026-08-18,LKO06,SKU001,34
2026-08-18,LKO06,SKU002,133
2026-08-18,LKO06,SKU003,40
2026-08-18,LKO06,SKU004,33
2026-08-18,LKO06,SKU005,20
2026-08-18,LKO06,SKU006,21
2026-08-18,LKO06,SKU007,37
2026-08-18,LKO06,SKU008,27
2026-08-18,LKO06,SKU009,147
2026-08-18,LKO06,SKU010,43
2026-08-18,LKO06,SKU011,294
2026-08-18,LKO06,SKU012,42
2026-08-18,LKO06,SKU013,385
2026-08-18,LKO06,SKU014,432
2026-08-18,LKO06,SKU015,452
2026-08-18,LKO06,SKU016,559
2026-08-18,LKO06,SKU017,603
2026-08-18,LKO06,SKU018,534
2026-08-19,LKO06,SKU001,37
2026-08-19,LKO06,SKU002,152
2026-08-19,LKO06,SKU003,28
2026-08-19,LKO06,SKU004,27
2026-08-19,LKO06,SKU005,20
2026-08-19,LKO06,SKU006,32
2026-08-19,LKO06,SKU007,36
2026-08-19,LKO06,SKU008,25
2026-08-19,LKO06,SKU009,135
2026-08-19,LKO06,SKU010,56
2026-08-19,LKO06,SKU011,320
2026-08-19,LKO06,SKU012,20
2026-08-19,LKO06,SKU013,397
2026-08-19,LKO06,SKU014,441
2026-08-19,LKO06,SKU015,471
2026-08-19,LKO06,SKU016,570
2026-08-19,LKO06,SKU017,617
2026-08-19,LKO06,SKU018,574
2026-08-20,LKO06,SKU001,16
2026-08-20,LKO06,SKU002,161
2026-08-20,LKO06,SKU003,41
2026-08-20,LKO06,SKU004,20
2026-08-20,LKO06,SKU005,25
2026-08-20,LKO06,SKU006,38
2026-08-20,LKO06,SKU007,27
2026-08-20,LKO06,SKU008,36
2026-08-20,LKO06,SKU009,126
2026-08-20,LKO06,SKU010,60
2026-08-20,LKO06,SKU011,327
2026-08-20,LKO06,SKU012,28
2026-08-20,LKO06,SKU013,412
2026-08-20,LKO06,SKU014,467
2026-08-20,LKO06,SKU015,490
2026-08-20,LKO06,SKU016,590
2026-08-20,LKO06,SKU017,643
2026-08-20,LKO06,SKU018,601
2026-08-21,LKO06,SKU001,16
2026-08-21,LKO06,SKU002,154
2026-08-21,LKO06,SKU003,27
2026-08-21,LKO06,SKU004,44
2026-08-21,LKO06,SKU005,21
2026-08-21,LKO06,SKU006,23
2026-08-21,LKO06,SKU007,22
2026-08-21,LKO06,SKU008,36
2026-08-21,LKO06,SKU009,147
2026-08-21,LKO06,SKU010,51
2026-08-21,LKO06,SKU011,335
2026-08-21,LKO06,SKU012,25
2026-08-21,LKO06,SKU013,413
2026-08-21,LKO06,SKU014,489
2026-08-21,LKO06,SKU015,511
2026-08-21,LKO06,SKU016,601
2026-08-21,LKO06,SKU017,651
2026-08-21,LKO06,SKU018,636
2026-08-22,LKO06,SKU001,19
2026-08-22,LKO06,SKU002,163
2026-08-22,LKO06,SKU003,42
2026-08-22,LKO06,SKU004,20
2026-08-22,LKO06,SKU005,26
2026-08-22,LKO06,SKU006,20
2026-08-22,LKO06,SKU007,37
2026-08-22,LKO06,SKU008,30
2026-08-22,LKO06,SKU009,169
2026-08-22,LKO06,SKU010,54
2026-08-22,LKO06,SKU011,341
2026-08-22,LKO06,SKU012,16
2026-08-22,LKO06,SKU013,437
2026-08-22,LKO06,SKU014,507
2026-08-22,LKO06,SKU015,532
2026-08-22,LKO06,SKU016,622
2026-08-22,LKO06,SKU017,685
2026-08-22,LKO06,SKU018,675
2026-08-23,LKO06,SKU001,42
2026-08-23,LKO06,SKU002,165
2026-08-23,LKO06,SKU003,50
2026-08-23,LKO06,SKU004,16
2026-08-23,LKO06,SKU005,23
2026-08-23,LKO06,SKU006,19
2026-08-23,LKO06,SKU007,31
2026-08-23,LKO06,SKU008,40
2026-08-23,LKO06,SKU009,153
2026-08-23,LKO06,SKU010,48
2026-08-23,LKO06,SKU011,365
2026-08-23,LKO06,SKU012,34
2026-08-23,LKO06,SKU013,448
2026-08-23,LKO06,SKU014,521
2026-08-23,LKO06,SKU015,547
2026-08-23,LKO06,SKU016,640
2026-08-23,LKO06,SKU017,717
2026-08-23,LKO06,SKU018,701
2026-08-24,LKO06,SKU001,43
2026-08-24,LKO06,SKU002,156
2026-08-24,LKO06,SKU003,57
2026-08-24,LKO06,SKU004,24
2026-08-24,LKO06,SKU005,25
2026-08-24,LKO06,SKU006,40
2026-08-24,LKO06,SKU007,16
2026-08-24,LKO06,SKU008,20
2026-08-24,LKO06,SKU009,143
2026-08-24,LKO06,SKU010,42
2026-08-24,LKO06,SKU011,376
2026-08-24,LKO06,SKU012,39
2026-08-24,LKO06,SKU013,477
2026-08-24,LKO06,SKU014,547
2026-08-24,LKO06,SKU015,558
2026-08-24,LKO06,SKU016,677
2026-08-24,LKO06,SKU017,739
2026-08-24,LKO06,SKU018,714
2026-08-25,LKO06,SKU001,40
2026-08-25,LKO06,SKU002,163
2026-08-25,LKO06,SKU003,75
2026-08-25,LKO06,SKU004,21
2026-08-25,LKO06,SKU005,15
2026-08-25,LKO06,SKU006,34
2026-08-25,LKO06,SKU007,36
2026-08-25,LKO06,SKU008,20
2026-08-25,LKO06,SKU009,153
2026-08-25,LKO06,SKU010,47
2026-08-25,LKO06,SKU011,374
2026-08-25,LKO06,SKU012,42
2026-08-25,LKO06,SKU013,488
2026-08-25,LKO06,SKU014,558
2026-08-25,LKO06,SKU015,585
2026-08-25,LKO06,SKU016,718
2026-08-25,LKO06,SKU017,775
2026-08-25,LKO06,SKU018,752
2026-08-26,LKO06,SKU001,31
2026-08-26,LKO06,SKU002,175
2026-08-26,LKO06,SKU003,67
2026-08-26,LKO06,SKU004,39
2026-08-26,LKO06,SKU005,40
2026-08-26,LKO06,SKU006,23
2026-08-26,LKO06,SKU007,25
2026-08-26,LKO06,SKU008,16
2026-08-26,LKO06,SKU009,159
2026-08-26,LKO06,SKU010,49
2026-08-26,LKO06,SKU011,394
2026-08-26,LKO06,SKU012,34
2026-08-26,LKO06,SKU013,495
2026-08-26,LKO06,SKU014,572
2026-08-26,LKO06,SKU015,608
2026-08-26,LKO06,SKU016,737
2026-08-26,LKO06,SKU017,800
2026-08-26,LKO06,SKU018,763
2026-08-27,LKO06,SKU001,30
2026-08-27,LKO06,SKU002,162
2026-08-27,LKO06,SKU003,54
2026-08-27,LKO06,SKU004,17
2026-08-27,LKO06,SKU005,19
2026-08-27,LKO06,SKU006,41
2026-08-27,LKO06,SKU007,22
2026-08-27,LKO06,SKU008,31
2026-08-27,LKO06,SKU009,183
2026-08-27,LKO06,SKU010,69
2026-08-27,LKO06,SKU011,406
2026-08-27,LKO06,SKU012,33
2026-08-27,LKO06,SKU013,509
2026-08-27,LKO06,SKU014,596
2026-08-27,LKO06,SKU015,636
2026-08-27,LKO06,SKU016,757
2026-08-27,LKO06,SKU017,839
2026-08-27,LKO06,SKU018,788
2026-08-28,LKO06,SKU001,40
2026-08-28,LKO06,SKU002,170
2026-08-28,LKO06,SKU003,47
2026-08-28,LKO06,SKU004,39
2026-08-28,LKO06,SKU005,18
2026-08-28,LKO06,SKU006,21
2026-08-28,LKO06,SKU007,39
2026-08-28,LKO06,SKU008,32
2026-08-28,LKO06,SKU009,177
2026-08-28,LKO06,SKU010,84
2026-08-28,LKO06,SKU011,419
2026-08-28,LKO06,SKU012,32
2026-08-28,LKO06,SKU013,543
2026-08-28,LKO06,SKU014,628
2026-08-28,LKO06,SKU015,662
2026-08-28,LKO06,SKU016,789
2026-08-28,LKO06,SKU017,873
2026-08-28,LKO06,SKU018,809
2026-08-29,LKO06,SKU001,31
2026-08-29,LKO06,SKU002,172
2026-08-29,LKO06,SKU003,60
2026-08-29,LKO06,SKU004,26
2026-08-29,LKO06,SKU005,43
2026-08-29,LKO06,SKU006,26
2026-08-29,LKO06,SKU007,41
2026-08-29,LKO06,SKU008,22
2026-08-29,LKO06,SKU009,187
2026-08-29,LKO06,SKU010,80
2026-08-29,LKO06,SKU011,443
2026-08-29,LKO06,SKU012,42
2026-08-29,LKO06,SKU013,554
2026-08-29,LKO06,SKU014,656
2026-08-29,LKO06,SKU015,665
2026-08-29,LKO06,SKU016,818
2026-08-29,LKO06,SKU017,906
2026-08-29,LKO06,SKU018,847
2026-08-30,LKO06,SKU001,34
2026-08-30,LKO06,SKU002,154
2026-08-30,LKO06,SKU003,36
2026-08-30,LKO06,SKU004,30
2026-08-30,LKO06,SKU005,22
2026-08-30,LKO06,SKU006,28
2026-08-30,LKO06,SKU007,32
2026-08-30,LKO06,SKU008,23
2026-08-30,LKO06,SKU009,175
2026-08-30,LKO06,SKU010,66
2026-08-30,LKO06,SKU011,470
2026-08-30,LKO06,SKU012,31
2026-08-30,LKO06,SKU013,582
2026-08-30,LKO06,SKU014,677
2026-08-30,LKO06,SKU015,678
2026-08-30,LKO06,SKU016,851
2026-08-30,LKO06,SKU017,925
2026-08-30,LKO06,SKU018,867
2026-08-01,LKO07,SKU001,101
2026-08-01,LKO07,SKU002,126
2026-08-01,LKO07,SKU003,120
2026-08-01,LKO07,SKU004,99
2026-08-01,LKO07,SKU005,145
2026-08-01,LKO07,SKU006,69
2026-08-01,LKO07,SKU007,130
2026-08-01,LKO07,SKU008,72
2026-08-01,LKO07,SKU009,85
2026-08-01,LKO07,SKU010,124
2026-08-01,LKO07,SKU011,163
2026-08-01,LKO07,SKU012,104
2026-08-01,LKO07,SKU013,107
2026-08-01,LKO07,SKU014,88
2026-08-01,LKO07,SKU015,127
2026-08-01,LKO07,SKU016,120
2026-08-01,LKO07,SKU017,97
2026-08-01,LKO07,SKU018,118
2026-08-02,LKO07,SKU001,33
2026-08-02,LKO07,SKU002,105
2026-08-02,LKO07,SKU003,90
2026-08-02,LKO07,SKU004,23
2026-08-02,LKO07,SKU005,37
2026-08-02,LKO07,SKU006,36
2026-08-02,LKO07,SKU007,33
2026-08-02,LKO07,SKU008,43
2026-08-02,LKO07,SKU009,56
2026-08-02,LKO07,SKU010,69
2026-08-02,LKO07,SKU011,145
2026-08-02,LKO07,SKU012,21
2026-08-02,LKO07,SKU013,120
2026-08-02,LKO07,SKU014,94
2026-08-02,LKO07,SKU015,136
2026-08-02,LKO07,SKU016,132
2026-08-02,LKO07,SKU017,112
2026-08-02,LKO07,SKU018,145
2026-08-03,LKO07,SKU001,19
2026-08-03,LKO07,SKU002,73
2026-08-03,LKO07,SKU003,43
2026-08-03,LKO07,SKU004,16
2026-08-03,LKO07,SKU005,32
2026-08-03,LKO07,SKU006,19
2026-08-03,LKO07,SKU007,30
2026-08-03,LKO07,SKU008,35
2026-08-03,LKO07,SKU009,27
2026-08-03,LKO07,SKU010,20
2026-08-03,LKO07,SKU011,145
2026-08-03,LKO07,SKU012,18
2026-08-03,LKO07,SKU013,116
2026-08-03,LKO07,SKU014,113
2026-08-03,LKO07,SKU015,155
2026-08-03,LKO07,SKU016,158
2026-08-03,LKO07,SKU017,111
2026-08-03,LKO07,SKU018,154
2026-08-04,LKO07,SKU001,43
2026-08-04,LKO07,SKU002,32
2026-08-04,LKO07,SKU003,29
2026-08-04,LKO07,SKU004,19
2026-08-04,LKO07,SKU005,36
2026-08-04,LKO07,SKU006,36
2026-08-04,LKO07,SKU007,16
2026-08-04,LKO07,SKU008,39
2026-08-04,LKO07,SKU009,16
2026-08-04,LKO07,SKU010,30
2026-08-04,LKO07,SKU011,144
2026-08-04,LKO07,SKU012,27
2026-08-04,LKO07,SKU013,128
2026-08-04,LKO07,SKU014,111
2026-08-04,LKO07,SKU015,164
2026-08-04,LKO07,SKU016,192
2026-08-04,LKO07,SKU017,130
2026-08-04,LKO07,SKU018,177
2026-08-05,LKO07,SKU001,27
2026-08-05,LKO07,SKU002,18
2026-08-05,LKO07,SKU003,34
2026-08-05,LKO07,SKU004,42
2026-08-05,LKO07,SKU005,40
2026-08-05,LKO07,SKU006,42
2026-08-05,LKO07,SKU007,18
2026-08-05,LKO07,SKU008,43
2026-08-05,LKO07,SKU009,27
2026-08-05,LKO07,SKU010,21
2026-08-05,LKO07,SKU011,134
2026-08-05,LKO07,SKU012,17
2026-08-05,LKO07,SKU013,139
2026-08-05,LKO07,SKU014,125
2026-08-05,LKO07,SKU015,172
2026-08-05,LKO07,SKU016,219
2026-08-05,LKO07,SKU017,142
2026-08-05,LKO07,SKU018,187
2026-08-06,LKO07,SKU001,31
2026-08-06,LKO07,SKU002,17
2026-08-06,LKO07,SKU003,15
2026-08-06,LKO07,SKU004,39
2026-08-06,LKO07,SKU005,31
2026-08-06,LKO07,SKU006,26
2026-08-06,LKO07,SKU007,20
2026-08-06,LKO07,SKU008,27
2026-08-06,LKO07,SKU009,30
2026-08-06,LKO07,SKU010,36
2026-08-06,LKO07,SKU011,130
2026-08-06,LKO07,SKU012,36
2026-08-06,LKO07,SKU013,135
2026-08-06,LKO07,SKU014,139
2026-08-06,LKO07,SKU015,194
2026-08-06,LKO07,SKU016,247
2026-08-06,LKO07,SKU017,170
2026-08-06,LKO07,SKU018,213
2026-08-07,LKO07,SKU001,29
2026-08-07,LKO07,SKU002,29
2026-08-07,LKO07,SKU003,28
2026-08-07,LKO07,SKU004,21
2026-08-07,LKO07,SKU005,37
2026-08-07,LKO07,SKU006,42
2026-08-07,LKO07,SKU007,15
2026-08-07,LKO07,SKU008,20
2026-08-07,LKO07,SKU009,25
2026-08-07,LKO07,SKU010,43
2026-08-07,LKO07,SKU011,129
2026-08-07,LKO07,SKU012,34
2026-08-07,LKO07,SKU013,134
2026-08-07,LKO07,SKU014,154
2026-08-07,LKO07,SKU015,214
2026-08-07,LKO07,SKU016,260
2026-08-07,LKO07,SKU017,184
2026-08-07,LKO07,SKU018,223
2026-08-08,LKO07,SKU001,36
2026-08-08,LKO07,SKU002,43
2026-08-08,LKO07,SKU003,17
2026-08-08,LKO07,SKU004,21
2026-08-08,LKO07,SKU005,20
2026-08-08,LKO07,SKU006,27
2026-08-08,LKO07,SKU007,41
2026-08-08,LKO07,SKU008,18
2026-08-08,LKO07,SKU009,25
2026-08-08,LKO07,SKU010,30
2026-08-08,LKO07,SKU011,119
2026-08-08,LKO07,SKU012,28
2026-08-08,LKO07,SKU013,132
2026-08-08,LKO07,SKU014,177
2026-08-08,LKO07,SKU015,217
2026-08-08,LKO07,SKU016,284
2026-08-08,LKO07,SKU017,196
2026-08-08,LKO07,SKU018,248
2026-08-09,LKO07,SKU001,33
2026-08-09,LKO07,SKU002,29
2026-08-09,LKO07,SKU003,18
2026-08-09,LKO07,SKU004,27
2026-08-09,LKO07,SKU005,42
2026-08-09,LKO07,SKU006,40
2026-08-09,LKO07,SKU007,29
2026-08-09,LKO07,SKU008,41
2026-08-09,LKO07,SKU009,25
2026-08-09,LKO07,SKU010,37
2026-08-09,LKO07,SKU011,125
2026-08-09,LKO07,SKU012,33
2026-08-09,LKO07,SKU013,135
2026-08-09,LKO07,SKU014,176
2026-08-09,LKO07,SKU015,219
2026-08-09,LKO07,SKU016,302
2026-08-09,LKO07,SKU017,209
2026-08-09,LKO07,SKU018,260
2026-08-10,LKO07,SKU001,36
2026-08-10,LKO07,SKU002,40
2026-08-10,LKO07,SKU003,36
2026-08-10,LKO07,SKU004,34
2026-08-10,LKO07,SKU005,37
2026-08-10,LKO07,SKU006,27
2026-08-10,LKO07,SKU007,27
2026-08-10,LKO07,SKU008,26
2026-08-10,LKO07,SKU009,39
2026-08-10,LKO07,SKU010,33
2026-08-10,LKO07,SKU011,135
2026-08-10,LKO07,SKU012,35
2026-08-10,LKO07,SKU013,139
2026-08-10,LKO07,SKU014,194
2026-08-10,LKO07,SKU015,218
2026-08-10,LKO07,SKU016,339
2026-08-10,LKO07,SKU017,230
2026-08-10,LKO07,SKU018,280
2026-08-11,LKO07,SKU001,43
2026-08-11,LKO07,SKU002,34
2026-08-11,LKO07,SKU003,32
2026-08-11,LKO07,SKU004,30
2026-08-11,LKO07,SKU005,35
2026-08-11,LKO07,SKU006,32
2026-08-11,LKO07,SKU007,30
2026-08-11,LKO07,SKU008,42
2026-08-11,LKO07,SKU009,54
2026-08-11,LKO07,SKU010,17
2026-08-11,LKO07,SKU011,122
2026-08-11,LKO07,SKU012,28
2026-08-11,LKO07,SKU013,147
2026-08-11,LKO07,SKU014,209
2026-08-11,LKO07,SKU015,220
2026-08-11,LKO07,SKU016,366
2026-08-11,LKO07,SKU017,248
2026-08-11,LKO07,SKU018,316
2026-08-12,LKO07,SKU001,40
2026-08-12,LKO07,SKU002,18
2026-08-12,LKO07,SKU003,24
2026-08-12,LKO07,SKU004,31
2026-08-12,LKO07,SKU005,43
2026-08-12,LKO07,SKU006,27
2026-08-12,LKO07,SKU007,19
2026-08-12,LKO07,SKU008,19
2026-08-12,LKO07,SKU009,54
2026-08-12,LKO07,SKU010,15
2026-08-12,LKO07,SKU011,117
2026-08-12,LKO07,SKU012,17
2026-08-12,LKO07,SKU013,144
2026-08-12,LKO07,SKU014,226
2026-08-12,LKO07,SKU015,221
2026-08-12,LKO07,SKU016,398
2026-08-12,LKO07,SKU017,270
2026-08-12,LKO07,SKU018,331
2026-08-13,LKO07,SKU001,22
2026-08-13,LKO07,SKU002,24
2026-08-13,LKO07,SKU003,29
2026-08-13,LKO07,SKU004,25
2026-08-13,LKO07,SKU005,36
2026-08-13,LKO07,SKU006,15
2026-08-13,LKO07,SKU007,19
2026-08-13,LKO07,SKU008,33
2026-08-13,LKO07,SKU009,53
2026-08-13,LKO07,SKU010,39
2026-08-13,LKO07,SKU011,125
2026-08-13,LKO07,SKU012,32
2026-08-13,LKO07,SKU013,164
2026-08-13,LKO07,SKU014,232
2026-08-13,LKO07,SKU015,231
2026-08-13,LKO07,SKU016,423
2026-08-13,LKO07,SKU017,278
2026-08-13,LKO07,SKU018,344
2026-08-14,LKO07,SKU001,21
2026-08-14,LKO07,SKU002,33
2026-08-14,LKO07,SKU003,27
2026-08-14,LKO07,SKU004,34
2026-08-14,LKO07,SKU005,39
2026-08-14,LKO07,SKU006,21
2026-08-14,LKO07,SKU007,44
2026-08-14,LKO07,SKU008,25
2026-08-14,LKO07,SKU009,46
2026-08-14,LKO07,SKU010,20
2026-08-14,LKO07,SKU011,148
2026-08-14,LKO07,SKU012,26
2026-08-14,LKO07,SKU013,158
2026-08-14,LKO07,SKU014,231
2026-08-14,LKO07,SKU015,243
2026-08-14,LKO07,SKU016,464
2026-08-14,LKO07,SKU017,283
2026-08-14,LKO07,SKU018,363
2026-08-15,LKO07,SKU001,34
2026-08-15,LKO07,SKU002,32
2026-08-15,LKO07,SKU003,40
2026-08-15,LKO07,SKU004,29
2026-08-15,LKO07,SKU005,37
2026-08-15,LKO07,SKU006,28
2026-08-15,LKO07,SKU007,44
2026-08-15,LKO07,SKU008,41
2026-08-15,LKO07,SKU009,32
2026-08-15,LKO07,SKU010,41
2026-08-15,LKO07,SKU011,162
2026-08-15,LKO07,SKU012,36
2026-08-15,LKO07,SKU013,167
2026-08-15,LKO07,SKU014,246
2026-08-15,LKO07,SKU015,253
2026-08-15,LKO07,SKU016,478
2026-08-15,LKO07,SKU017,288
2026-08-15,LKO07,SKU018,383
2026-08-16,LKO07,SKU001,27
2026-08-16,LKO07,SKU002,37
2026-08-16,LKO07,SKU003,31
2026-08-16,LKO07,SKU004,37
2026-08-16,LKO07,SKU005,27
2026-08-16,LKO07,SKU006,24
2026-08-16,LKO07,SKU007,23
2026-08-16,LKO07,SKU008,25
2026-08-16,LKO07,SKU009,26
2026-08-16,LKO07,SKU010,38
2026-08-16,LKO07,SKU011,158
2026-08-16,LKO07,SKU012,30
2026-08-16,LKO07,SKU013,153
2026-08-16,LKO07,SKU014,262
2026-08-16,LKO07,SKU015,252
2026-08-16,LKO07,SKU016,499
2026-08-16,LKO07,SKU017,312
2026-08-16,LKO07,SKU018,412
2026-08-17,LKO07,SKU001,42
2026-08-17,LKO07,SKU002,26
2026-08-17,LKO07,SKU003,39
2026-08-17,LKO07,SKU004,36
2026-08-17,LKO07,SKU005,23
2026-08-17,LKO07,SKU006,43
2026-08-17,LKO07,SKU007,16
2026-08-17,LKO07,SKU008,24
2026-08-17,LKO07,SKU009,32
2026-08-17,LKO07,SKU010,31
2026-08-17,LKO07,SKU011,138
2026-08-17,LKO07,SKU012,30
2026-08-17,LKO07,SKU013,158
2026-08-17,LKO07,SKU014,287
2026-08-17,LKO07,SKU015,272
2026-08-17,LKO07,SKU016,537
2026-08-17,LKO07,SKU017,336
2026-08-17,LKO07,SKU018,427
2026-08-18,LKO07,SKU001,17
2026-08-18,LKO07,SKU002,31
2026-08-18,LKO07,SKU003,20
2026-08-18,LKO07,SKU004,17
2026-08-18,LKO07,SKU005,24
2026-08-18,LKO07,SKU006,43
2026-08-18,LKO07,SKU007,27
2026-08-18,LKO07,SKU008,22
2026-08-18,LKO07,SKU009,34
2026-08-18,LKO07,SKU010,36
2026-08-18,LKO07,SKU011,148
2026-08-18,LKO07,SKU012,22
2026-08-18,LKO07,SKU013,172
2026-08-18,LKO07,SKU014,293
2026-08-18,LKO07,SKU015,288
2026-08-18,LKO07,SKU016,570
2026-08-18,LKO07,SKU017,344
2026-08-18,LKO07,SKU018,443
2026-08-19,LKO07,SKU001,23
2026-08-19,LKO07,SKU002,20
2026-08-19,LKO07,SKU003,40
2026-08-19,LKO07,SKU004,42
2026-08-19,LKO07,SKU005,16
2026-08-19,LKO07,SKU006,25
2026-08-19,LKO07,SKU007,44
2026-08-19,LKO07,SKU008,33
2026-08-19,LKO07,SKU009,34
2026-08-19,LKO07,SKU010,36
2026-08-19,LKO07,SKU011,148
2026-08-19,LKO07,SKU012,43
2026-08-19,LKO07,SKU013,190
2026-08-19,LKO07,SKU014,317
2026-08-19,LKO07,SKU015,297
2026-08-19,LKO07,SKU016,580
2026-08-19,LKO07,SKU017,363
2026-08-19,LKO07,SKU018,474
2026-08-20,LKO07,SKU001,43
2026-08-20,LKO07,SKU002,27
2026-08-20,LKO07,SKU003,17
2026-08-20,LKO07,SKU004,25
2026-08-20,LKO07,SKU005,44
2026-08-20,LKO07,SKU006,25
2026-08-20,LKO07,SKU007,22
2026-08-20,LKO07,SKU008,36
2026-08-20,LKO07,SKU009,38
2026-08-20,LKO07,SKU010,44
2026-08-20,LKO07,SKU011,153
2026-08-20,LKO07,SKU012,35
2026-08-20,LKO07,SKU013,183
2026-08-20,LKO07,SKU014,320
2026-08-20,LKO07,SKU015,320
2026-08-20,LKO07,SKU016,600
2026-08-20,LKO07,SKU017,378
2026-08-20,LKO07,SKU018,497
2026-08-21,LKO07,SKU001,43
2026-08-21,LKO07,SKU002,34
2026-08-21,LKO07,SKU003,30
2026-08-21,LKO07,SKU004,41
2026-08-21,LKO07,SKU005,15
2026-08-21,LKO07,SKU006,40
2026-08-21,LKO07,SKU007,24
2026-08-21,LKO07,SKU008,15
2026-08-21,LKO07,SKU009,30
2026-08-21,LKO07,SKU010,25
2026-08-21,LKO07,SKU011,147
2026-08-21,LKO07,SKU012,31
2026-08-21,LKO07,SKU013,175
2026-08-21,LKO07,SKU014,317
2026-08-21,LKO07,SKU015,332
2026-08-21,LKO07,SKU016,625
2026-08-21,LKO07,SKU017,402
2026-08-21,LKO07,SKU018,512
2026-08-22,LKO07,SKU001,28
2026-08-22,LKO07,SKU002,43
2026-08-22,LKO07,SKU003,16
2026-08-22,LKO07,SKU004,21
2026-08-22,LKO07,SKU005,25
2026-08-22,LKO07,SKU006,29
2026-08-22,LKO07,SKU007,16
2026-08-22,LKO07,SKU008,44
2026-08-22,LKO07,SKU009,41
2026-08-22,LKO07,SKU010,22
2026-08-22,LKO07,SKU011,148
2026-08-22,LKO07,SKU012,22
2026-08-22,LKO07,SKU013,181
2026-08-22,LKO07,SKU014,323
2026-08-22,LKO07,SKU015,359
2026-08-22,LKO07,SKU016,647
2026-08-22,LKO07,SKU017,425
2026-08-22,LKO07,SKU018,522
2026-08-23,LKO07,SKU001,20
2026-08-23,LKO07,SKU002,23
2026-08-23,LKO07,SKU003,30
2026-08-23,LKO07,SKU004,43
2026-08-23,LKO07,SKU005,23
2026-08-23,LKO07,SKU006,27
2026-08-23,LKO07,SKU007,30
2026-08-23,LKO07,SKU008,41
2026-08-23,LKO07,SKU009,22
2026-08-23,LKO07,SKU010,18
2026-08-23,LKO07,SKU011,151
2026-08-23,LKO07,SKU012,44
2026-08-23,LKO07,SKU013,178
2026-08-23,LKO07,SKU014,329
2026-08-23,LKO07,SKU015,359
2026-08-23,LKO07,SKU016,674
2026-08-23,LKO07,SKU017,446
2026-08-23,LKO07,SKU018,536
2026-08-24,LKO07,SKU001,30
2026-08-24,LKO07,SKU002,41
2026-08-24,LKO07,SKU003,32
2026-08-24,LKO07,SKU004,23
2026-08-24,LKO07,SKU005,42
2026-08-24,LKO07,SKU006,33
2026-08-24,LKO07,SKU007,38
2026-08-24,LKO07,SKU008,18
2026-08-24,LKO07,SKU009,18
2026-08-24,LKO07,SKU010,29
2026-08-24,LKO07,SKU011,138
2026-08-24,LKO07,SKU012,23
2026-08-24,LKO07,SKU013,169
2026-08-24,LKO07,SKU014,343
2026-08-24,LKO07,SKU015,378
2026-08-24,LKO07,SKU016,690
2026-08-24,LKO07,SKU017,454
2026-08-24,LKO07,SKU018,567
2026-08-25,LKO07,SKU001,31
2026-08-25,LKO07,SKU002,31
2026-08-25,LKO07,SKU003,34
2026-08-25,LKO07,SKU004,23
2026-08-25,LKO07,SKU005,33
2026-08-25,LKO07,SKU006,34
2026-08-25,LKO07,SKU007,34
2026-08-25,LKO07,SKU008,15
2026-08-25,LKO07,SKU009,44
2026-08-25,LKO07,SKU010,26
2026-08-25,LKO07,SKU011,144
2026-08-25,LKO07,SKU012,27
2026-08-25,LKO07,SKU013,167
2026-08-25,LKO07,SKU014,344
2026-08-25,LKO07,SKU015,392
2026-08-25,LKO07,SKU016,711
2026-08-25,LKO07,SKU017,464
2026-08-25,LKO07,SKU018,593
2026-08-26,LKO07,SKU001,17
2026-08-26,LKO07,SKU002,18
2026-08-26,LKO07,SKU003,25
2026-08-26,LKO07,SKU004,19
2026-08-26,LKO07,SKU005,42
2026-08-26,LKO07,SKU006,20
2026-08-26,LKO07,SKU007,36
2026-08-26,LKO07,SKU008,31
2026-08-26,LKO07,SKU009,55
2026-08-26,LKO07,SKU010,19
2026-08-26,LKO07,SKU011,155
2026-08-26,LKO07,SKU012,15
2026-08-26,LKO07,SKU013,166
2026-08-26,LKO07,SKU014,355
2026-08-26,LKO07,SKU015,420
2026-08-26,LKO07,SKU016,747
2026-08-26,LKO07,SKU017,484
2026-08-26,LKO07,SKU018,605
2026-08-27,LKO07,SKU001,19
2026-08-27,LKO07,SKU002,17
2026-08-27,LKO07,SKU003,34
2026-08-27,LKO07,SKU004,44
2026-08-27,LKO07,SKU005,18
2026-08-27,LKO07,SKU006,18
2026-08-27,LKO07,SKU007,23
2026-08-27,LKO07,SKU008,18
2026-08-27,LKO07,SKU009,26
2026-08-27,LKO07,SKU010,43
2026-08-27,LKO07,SKU011,145
2026-08-27,LKO07,SKU012,15
2026-08-27,LKO07,SKU013,173
2026-08-27,LKO07,SKU014,373
2026-08-27,LKO07,SKU015,446
2026-08-27,LKO07,SKU016,784
2026-08-27,LKO07,SKU017,494
2026-08-27,LKO07,SKU018,633
2026-08-28,LKO07,SKU001,24
2026-08-28,LKO07,SKU002,16
2026-08-28,LKO07,SKU003,27
2026-08-28,LKO07,SKU004,21
2026-08-28,LKO07,SKU005,33
2026-08-28,LKO07,SKU006,43
2026-08-28,LKO07,SKU007,41
2026-08-28,LKO07,SKU008,32
2026-08-28,LKO07,SKU009,22
2026-08-28,LKO07,SKU010,32
2026-08-28,LKO07,SKU011,134
2026-08-28,LKO07,SKU012,28
2026-08-28,LKO07,SKU013,170
2026-08-28,LKO07,SKU014,392
2026-08-28,LKO07,SKU015,450
2026-08-28,LKO07,SKU016,806
2026-08-28,LKO07,SKU017,515
2026-08-28,LKO07,SKU018,664
2026-08-29,LKO07,SKU001,30
2026-08-29,LKO07,SKU002,17
2026-08-29,LKO07,SKU003,26
2026-08-29,LKO07,SKU004,15
2026-08-29,LKO07,SKU005,21
2026-08-29,LKO07,SKU006,26
2026-08-29,LKO07,SKU007,38
2026-08-29,LKO07,SKU008,34
2026-08-29,LKO07,SKU009,27
2026-08-29,LKO07,SKU010,22
2026-08-29,LKO07,SKU011,127
2026-08-29,LKO07,SKU012,44
2026-08-29,LKO07,SKU013,189
2026-08-29,LKO07,SKU014,399
2026-08-29,LKO07,SKU015,468
2026-08-29,LKO07,SKU016,820
2026-08-29,LKO07,SKU017,532
2026-08-29,LKO07,SKU018,682
2026-08-30,LKO07,SKU001,43
2026-08-30,LKO07,SKU002,38
2026-08-30,LKO07,SKU003,29
2026-08-30,LKO07,SKU004,17
2026-08-30,LKO07,SKU005,40
2026-08-30,LKO07,SKU006,37
2026-08-30,LKO07,SKU007,15
2026-08-30,LKO07,SKU008,44
2026-08-30,LKO07,SKU009,27
2026-08-30,LKO07,SKU010,44
2026-08-30,LKO07,SKU011,140
2026-08-30,LKO07,SKU012,21
2026-08-30,LKO07,SKU013,200
2026-08-30,LKO07,SKU014,402
2026-08-30,LKO07,SKU015,486
2026-08-30,LKO07,SKU016,848
2026-08-30,LKO07,SKU017,565
2026-08-30,LKO07,SKU018,713
2026-08-01,LKO08,SKU001,117
2026-08-01,LKO08,SKU002,80
2026-08-01,LKO08,SKU003,110
2026-08-01,LKO08,SKU004,102
2026-08-01,LKO08,SKU005,110
2026-08-01,LKO08,SKU006,118
2026-08-01,LKO08,SKU007,68
2026-08-01,LKO08,SKU008,133
2026-08-01,LKO08,SKU009,120
2026-08-01,LKO08,SKU010,120
2026-08-01,LKO08,SKU011,145
2026-08-01,LKO08,SKU012,96
2026-08-01,LKO08,SKU013,102
2026-08-01,LKO08,SKU014,105
2026-08-01,LKO08,SKU015,98
2026-08-01,LKO08,SKU016,114
2026-08-01,LKO08,SKU017,146
2026-08-01,LKO08,SKU018,131
2026-08-02,LKO08,SKU001,31
2026-08-02,LKO08,SKU002,31
2026-08-02,LKO08,SKU003,16
2026-08-02,LKO08,SKU004,26
2026-08-02,LKO08,SKU005,43
2026-08-02,LKO08,SKU006,18
2026-08-02,LKO08,SKU007,40
2026-08-02,LKO08,SKU008,32
2026-08-02,LKO08,SKU009,50
2026-08-02,LKO08,SKU010,26
2026-08-02,LKO08,SKU011,102
2026-08-02,LKO08,SKU012,17
2026-08-02,LKO08,SKU013,78
2026-08-02,LKO08,SKU014,67
2026-08-02,LKO08,SKU015,69
2026-08-02,LKO08,SKU016,127
2026-08-02,LKO08,SKU017,159
2026-08-02,LKO08,SKU018,157
2026-08-03,LKO08,SKU001,43
2026-08-03,LKO08,SKU002,31
2026-08-03,LKO08,SKU003,32
2026-08-03,LKO08,SKU004,32
2026-08-03,LKO08,SKU005,35
2026-08-03,LKO08,SKU006,29
2026-08-03,LKO08,SKU007,41
2026-08-03,LKO08,SKU008,33
2026-08-03,LKO08,SKU009,38
2026-08-03,LKO08,SKU010,30
2026-08-03,LKO08,SKU011,70
2026-08-03,LKO08,SKU012,35
2026-08-03,LKO08,SKU013,60
2026-08-03,LKO08,SKU014,48
2026-08-03,LKO08,SKU015,59
2026-08-03,LKO08,SKU016,160
2026-08-03,LKO08,SKU017,164
2026-08-03,LKO08,SKU018,186
2026-08-04,LKO08,SKU001,22
2026-08-04,LKO08,SKU002,39
2026-08-04,LKO08,SKU003,37
2026-08-04,LKO08,SKU004,31
2026-08-04,LKO08,SKU005,38
2026-08-04,LKO08,SKU006,25
2026-08-04,LKO08,SKU007,43
2026-08-04,LKO08,SKU008,30
2026-08-04,LKO08,SKU009,41
2026-08-04,LKO08,SKU010,16
2026-08-04,LKO08,SKU011,49
2026-08-04,LKO08,SKU012,40
2026-08-04,LKO08,SKU013,40
2026-08-04,LKO08,SKU014,32
2026-08-04,LKO08,SKU015,76
2026-08-04,LKO08,SKU016,168
2026-08-04,LKO08,SKU017,172
2026-08-04,LKO08,SKU018,188
2026-08-05,LKO08,SKU001,44
2026-08-05,LKO08,SKU002,31
2026-08-05,LKO08,SKU003,32
2026-08-05,LKO08,SKU004,23
2026-08-05,LKO08,SKU005,23
2026-08-05,LKO08,SKU006,25
2026-08-05,LKO08,SKU007,39
2026-08-05,LKO08,SKU008,21
2026-08-05,LKO08,SKU009,17
2026-08-05,LKO08,SKU010,19
2026-08-05,LKO08,SKU011,46
2026-08-05,LKO08,SKU012,19
2026-08-05,LKO08,SKU013,53
2026-08-05,LKO08,SKU014,16
2026-08-05,LKO08,SKU015,81
2026-08-05,LKO08,SKU016,173
2026-08-05,LKO08,SKU017,199
2026-08-05,LKO08,SKU018,199
2026-08-06,LKO08,SKU001,33
2026-08-06,LKO08,SKU002,31
2026-08-06,LKO08,SKU003,34
2026-08-06,LKO08,SKU004,41
2026-08-06,LKO08,SKU005,42
2026-08-06,LKO08,SKU006,15
2026-08-06,LKO08,SKU007,30
2026-08-06,LKO08,SKU008,42
2026-08-06,LKO08,SKU009,21
2026-08-06,LKO08,SKU010,26
2026-08-06,LKO08,SKU011,27
2026-08-06,LKO08,SKU012,19
2026-08-06,LKO08,SKU013,44
2026-08-06,LKO08,SKU014,26
2026-08-06,LKO08,SKU015,97
2026-08-06,LKO08,SKU016,208
2026-08-06,LKO08,SKU017,206
2026-08-06,LKO08,SKU018,225
2026-08-07,LKO08,SKU001,44
2026-08-07,LKO08,SKU002,19
2026-08-07,LKO08,SKU003,24
2026-08-07,LKO08,SKU004,39
2026-08-07,LKO08,SKU005,21
2026-08-07,LKO08,SKU006,26
2026-08-07,LKO08,SKU007,34
2026-08-07,LKO08,SKU008,20
2026-08-07,LKO08,SKU009,17
2026-08-07,LKO08,SKU010,27
2026-08-07,LKO08,SKU011,39
2026-08-07,LKO08,SKU012,16
2026-08-07,LKO08,SKU013,27
2026-08-07,LKO08,SKU014,29
2026-08-07,LKO08,SKU015,109
2026-08-07,LKO08,SKU016,230
2026-08-07,LKO08,SKU017,222
2026-08-07,LKO08,SKU018,249
2026-08-08,LKO08,SKU001,23
2026-08-08,LKO08,SKU002,24
2026-08-08,LKO08,SKU003,37
2026-08-08,LKO08,SKU004,23
2026-08-08,LKO08,SKU005,28
2026-08-08,LKO08,SKU006,24
2026-08-08,LKO08,SKU007,44
2026-08-08,LKO08,SKU008,16
2026-08-08,LKO08,SKU009,22
2026-08-08,LKO08,SKU010,35
2026-08-08,LKO08,SKU011,16
2026-08-08,LKO08,SKU012,35
2026-08-08,LKO08,SKU013,23
2026-08-08,LKO08,SKU014,20
2026-08-08,LKO08,SKU015,108
2026-08-08,LKO08,SKU016,260
2026-08-08,LKO08,SKU017,243
2026-08-08,LKO08,SKU018,280
2026-08-09,LKO08,SKU001,31
2026-08-09,LKO08,SKU002,16
2026-08-09,LKO08,SKU003,31
2026-08-09,LKO08,SKU004,25
2026-08-09,LKO08,SKU005,35
2026-08-09,LKO08,SKU006,27
2026-08-09,LKO08,SKU007,28
2026-08-09,LKO08,SKU008,26
2026-08-09,LKO08,SKU009,20
2026-08-09,LKO08,SKU010,21
2026-08-09,LKO08,SKU011,38
2026-08-09,LKO08,SKU012,33
2026-08-09,LKO08,SKU013,18
2026-08-09,LKO08,SKU014,20
2026-08-09,LKO08,SKU015,97
2026-08-09,LKO08,SKU016,297
2026-08-09,LKO08,SKU017,244
2026-08-09,LKO08,SKU018,297
2026-08-10,LKO08,SKU001,39
2026-08-10,LKO08,SKU002,20
2026-08-10,LKO08,SKU003,34
2026-08-10,LKO08,SKU004,43
2026-08-10,LKO08,SKU005,39
2026-08-10,LKO08,SKU006,28
2026-08-10,LKO08,SKU007,34
2026-08-10,LKO08,SKU008,19
2026-08-10,LKO08,SKU009,27
2026-08-10,LKO08,SKU010,38
2026-08-10,LKO08,SKU011,38
2026-08-10,LKO08,SKU012,22
2026-08-10,LKO08,SKU013,22
2026-08-10,LKO08,SKU014,22
2026-08-10,LKO08,SKU015,85
2026-08-10,LKO08,SKU016,309
2026-08-10,LKO08,SKU017,251
2026-08-10,LKO08,SKU018,329
2026-08-11,LKO08,SKU001,26
2026-08-11,LKO08,SKU002,33
2026-08-11,LKO08,SKU003,15
2026-08-11,LKO08,SKU004,25
2026-08-11,LKO08,SKU005,21
2026-08-11,LKO08,SKU006,29
2026-08-11,LKO08,SKU007,34
2026-08-11,LKO08,SKU008,31
2026-08-11,LKO08,SKU009,27
2026-08-11,LKO08,SKU010,32
2026-08-11,LKO08,SKU011,38
2026-08-11,LKO08,SKU012,41
2026-08-11,LKO08,SKU013,34
2026-08-11,LKO08,SKU014,41
2026-08-11,LKO08,SKU015,87
2026-08-11,LKO08,SKU016,342
2026-08-11,LKO08,SKU017,252
2026-08-11,LKO08,SKU018,348
2026-08-12,LKO08,SKU001,17
2026-08-12,LKO08,SKU002,29
2026-08-12,LKO08,SKU003,37
2026-08-12,LKO08,SKU004,20
2026-08-12,LKO08,SKU005,40
2026-08-12,LKO08,SKU006,19
2026-08-12,LKO08,SKU007,42
2026-08-12,LKO08,SKU008,34
2026-08-12,LKO08,SKU009,31
2026-08-12,LKO08,SKU010,21
2026-08-12,LKO08,SKU011,25
2026-08-12,LKO08,SKU012,28
2026-08-12,LKO08,SKU013,32
2026-08-12,LKO08,SKU014,38
2026-08-12,LKO08,SKU015,104
2026-08-12,LKO08,SKU016,363
2026-08-12,LKO08,SKU017,267
2026-08-12,LKO08,SKU018,353
2026-08-13,LKO08,SKU001,43
2026-08-13,LKO08,SKU002,17
2026-08-13,LKO08,SKU003,38
2026-08-13,LKO08,SKU004,37
2026-08-13,LKO08,SKU005,30
2026-08-13,LKO08,SKU006,17
2026-08-13,LKO08,SKU007,37
2026-08-13,LKO08,SKU008,43
2026-08-13,LKO08,SKU009,23
2026-08-13,LKO08,SKU010,28
2026-08-13,LKO08,SKU011,19
2026-08-13,LKO08,SKU012,33
2026-08-13,LKO08,SKU013,24
2026-08-13,LKO08,SKU014,28
2026-08-13,LKO08,SKU015,122
2026-08-13,LKO08,SKU016,391
2026-08-13,LKO08,SKU017,273
2026-08-13,LKO08,SKU018,359
2026-08-14,LKO08,SKU001,33
2026-08-14,LKO08,SKU002,42
2026-08-14,LKO08,SKU003,43
2026-08-14,LKO08,SKU004,35
2026-08-14,LKO08,SKU005,21
2026-08-14,LKO08,SKU006,41
2026-08-14,LKO08,SKU007,23
2026-08-14,LKO08,SKU008,17
2026-08-14,LKO08,SKU009,19
2026-08-14,LKO08,SKU010,17
2026-08-14,LKO08,SKU011,21
2026-08-14,LKO08,SKU012,17
2026-08-14,LKO08,SKU013,38
2026-08-14,LKO08,SKU014,40
2026-08-14,LKO08,SKU015,118
2026-08-14,LKO08,SKU016,424
2026-08-14,LKO08,SKU017,291
2026-08-14,LKO08,SKU018,392
2026-08-15,LKO08,SKU001,24
2026-08-15,LKO08,SKU002,30
2026-08-15,LKO08,SKU003,41
2026-08-15,LKO08,SKU004,26
2026-08-15,LKO08,SKU005,34
2026-08-15,LKO08,SKU006,39
2026-08-15,LKO08,SKU007,26
2026-08-15,LKO08,SKU008,17
2026-08-15,LKO08,SKU009,19
2026-08-15,LKO08,SKU010,20
2026-08-15,LKO08,SKU011,16
2026-08-15,LKO08,SKU012,29
2026-08-15,LKO08,SKU013,44
2026-08-15,LKO08,SKU014,43
2026-08-15,LKO08,SKU015,142
2026-08-15,LKO08,SKU016,453
2026-08-15,LKO08,SKU017,293
2026-08-15,LKO08,SKU018,407
2026-08-16,LKO08,SKU001,34
2026-08-16,LKO08,SKU002,23
2026-08-16,LKO08,SKU003,27
2026-08-16,LKO08,SKU004,20
2026-08-16,LKO08,SKU005,19
2026-08-16,LKO08,SKU006,35
2026-08-16,LKO08,SKU007,33
2026-08-16,LKO08,SKU008,15
2026-08-16,LKO08,SKU009,27
2026-08-16,LKO08,SKU010,41
2026-08-16,LKO08,SKU011,26
2026-08-16,LKO08,SKU012,19
2026-08-16,LKO08,SKU013,42
2026-08-16,LKO08,SKU014,42
2026-08-16,LKO08,SKU015,155
2026-08-16,LKO08,SKU016,474
2026-08-16,LKO08,SKU017,290
2026-08-16,LKO08,SKU018,432
2026-08-17,LKO08,SKU001,35
2026-08-17,LKO08,SKU002,38
2026-08-17,LKO08,SKU003,18
2026-08-17,LKO08,SKU004,38
2026-08-17,LKO08,SKU005,35
2026-08-17,LKO08,SKU006,34
2026-08-17,LKO08,SKU007,15
2026-08-17,LKO08,SKU008,23
2026-08-17,LKO08,SKU009,21
2026-08-17,LKO08,SKU010,27
2026-08-17,LKO08,SKU011,33
2026-08-17,LKO08,SKU012,43
2026-08-17,LKO08,SKU013,41
2026-08-17,LKO08,SKU014,29
2026-08-17,LKO08,SKU015,157
2026-08-17,LKO08,SKU016,495
2026-08-17,LKO08,SKU017,310
2026-08-17,LKO08,SKU018,451
2026-08-18,LKO08,SKU001,21
2026-08-18,LKO08,SKU002,18
2026-08-18,LKO08,SKU003,19
2026-08-18,LKO08,SKU004,22
2026-08-18,LKO08,SKU005,39
2026-08-18,LKO08,SKU006,32
2026-08-18,LKO08,SKU007,44
2026-08-18,LKO08,SKU008,27
2026-08-18,LKO08,SKU009,29
2026-08-18,LKO08,SKU010,31
2026-08-18,LKO08,SKU011,38
2026-08-18,LKO08,SKU012,40
2026-08-18,LKO08,SKU013,48
2026-08-18,LKO08,SKU014,26
2026-08-18,LKO08,SKU015,181
2026-08-18,LKO08,SKU016,518
2026-08-18,LKO08,SKU017,317
2026-08-18,LKO08,SKU018,477
2026-08-19,LKO08,SKU001,22
2026-08-19,LKO08,SKU002,15
2026-08-19,LKO08,SKU003,36
2026-08-19,LKO08,SKU004,25
2026-08-19,LKO08,SKU005,33
2026-08-19,LKO08,SKU006,39
2026-08-19,LKO08,SKU007,32
2026-08-19,LKO08,SKU008,42
2026-08-19,LKO08,SKU009,29
2026-08-19,LKO08,SKU010,31
2026-08-19,LKO08,SKU011,37
2026-08-19,LKO08,SKU012,15
2026-08-19,LKO08,SKU013,36
2026-08-19,LKO08,SKU014,24
2026-08-19,LKO08,SKU015,171
2026-08-19,LKO08,SKU016,539
2026-08-19,LKO08,SKU017,337
2026-08-19,LKO08,SKU018,504
2026-08-20,LKO08,SKU001,21
2026-08-20,LKO08,SKU002,38
2026-08-20,LKO08,SKU003,20
2026-08-20,LKO08,SKU004,17
2026-08-20,LKO08,SKU005,34
2026-08-20,LKO08,SKU006,21
2026-08-20,LKO08,SKU007,33
2026-08-20,LKO08,SKU008,35
2026-08-20,LKO08,SKU009,31
2026-08-20,LKO08,SKU010,23
2026-08-20,LKO08,SKU011,35
2026-08-20,LKO08,SKU012,26
2026-08-20,LKO08,SKU013,21
2026-08-20,LKO08,SKU014,33
2026-08-20,LKO08,SKU015,182
2026-08-20,LKO08,SKU016,573
2026-08-20,LKO08,SKU017,343
2026-08-20,LKO08,SKU018,533
2026-08-21,LKO08,SKU001,43
2026-08-21,LKO08,SKU002,23
2026-08-21,LKO08,SKU003,19
2026-08-21,LKO08,SKU004,34
2026-08-21,LKO08,SKU005,34
2026-08-21,LKO08,SKU006,35
2026-08-21,LKO08,SKU007,19
2026-08-21,LKO08,SKU008,42
2026-08-21,LKO08,SKU009,41
2026-08-21,LKO08,SKU010,27
2026-08-21,LKO08,SKU011,25
2026-08-21,LKO08,SKU012,18
2026-08-21,LKO08,SKU013,43
2026-08-21,LKO08,SKU014,41
2026-08-21,LKO08,SKU015,188
2026-08-21,LKO08,SKU016,602
2026-08-21,LKO08,SKU017,362
2026-08-21,LKO08,SKU018,566
2026-08-22,LKO08,SKU001,18
2026-08-22,LKO08,SKU002,26
2026-08-22,LKO08,SKU003,15
2026-08-22,LKO08,SKU004,21
2026-08-22,LKO08,SKU005,38
2026-08-22,LKO08,SKU006,44
2026-08-22,LKO08,SKU007,22
2026-08-22,LKO08,SKU008,25
2026-08-22,LKO08,SKU009,22
2026-08-22,LKO08,SKU010,16
2026-08-22,LKO08,SKU011,23
2026-08-22,LKO08,SKU012,37
2026-08-22,LKO08,SKU013,40
2026-08-22,LKO08,SKU014,19
2026-08-22,LKO08,SKU015,194
2026-08-22,LKO08,SKU016,624
2026-08-22,LKO08,SKU017,368
2026-08-22,LKO08,SKU018,579
2026-08-23,LKO08,SKU001,29
2026-08-23,LKO08,SKU002,27
2026-08-23,LKO08,SKU003,19
2026-08-23,LKO08,SKU004,35
2026-08-23,LKO08,SKU005,16
2026-08-23,LKO08,SKU006,35
2026-08-23,LKO08,SKU007,42
2026-08-23,LKO08,SKU008,29
2026-08-23,LKO08,SKU009,29
2026-08-23,LKO08,SKU010,16
2026-08-23,LKO08,SKU011,40
2026-08-23,LKO08,SKU012,31
2026-08-23,LKO08,SKU013,43
2026-08-23,LKO08,SKU014,30
2026-08-23,LKO08,SKU015,182
2026-08-23,LKO08,SKU016,659
2026-08-23,LKO08,SKU017,389
2026-08-23,LKO08,SKU018,586
2026-08-24,LKO08,SKU001,24
2026-08-24,LKO08,SKU002,31
2026-08-24,LKO08,SKU003,30
2026-08-24,LKO08,SKU004,41
2026-08-24,LKO08,SKU005,15
2026-08-24,LKO08,SKU006,26
2026-08-24,LKO08,SKU007,25
2026-08-24,LKO08,SKU008,18
2026-08-24,LKO08,SKU009,15
2026-08-24,LKO08,SKU010,33
2026-08-24,LKO08,SKU011,35
2026-08-24,LKO08,SKU012,29
2026-08-24,LKO08,SKU013,45
2026-08-24,LKO08,SKU014,18
2026-08-24,LKO08,SKU015,164
2026-08-24,LKO08,SKU016,670
2026-08-24,LKO08,SKU017,380
2026-08-24,LKO08,SKU018,606
2026-08-25,LKO08,SKU001,30
2026-08-25,LKO08,SKU002,25
2026-08-25,LKO08,SKU003,42
2026-08-25,LKO08,SKU004,31
2026-08-25,LKO08,SKU005,19
2026-08-25,LKO08,SKU006,38
2026-08-25,LKO08,SKU007,29
2026-08-25,LKO08,SKU008,23
2026-08-25,LKO08,SKU009,32
2026-08-25,LKO08,SKU010,35
2026-08-25,LKO08,SKU011,23
2026-08-25,LKO08,SKU012,43
2026-08-25,LKO08,SKU013,40
2026-08-25,LKO08,SKU014,35
2026-08-25,LKO08,SKU015,161
2026-08-25,LKO08,SKU016,706
2026-08-25,LKO08,SKU017,388
2026-08-25,LKO08,SKU018,628
2026-08-26,LKO08,SKU001,42
2026-08-26,LKO08,SKU002,19
2026-08-26,LKO08,SKU003,32
2026-08-26,LKO08,SKU004,16
2026-08-26,LKO08,SKU005,42
2026-08-26,LKO08,SKU006,16
2026-08-26,LKO08,SKU007,22
2026-08-26,LKO08,SKU008,20
2026-08-26,LKO08,SKU009,38
2026-08-26,LKO08,SKU010,26
2026-08-26,LKO08,SKU011,17
2026-08-26,LKO08,SKU012,39
2026-08-26,LKO08,SKU013,50
2026-08-26,LKO08,SKU014,44
2026-08-26,LKO08,SKU015,158
2026-08-26,LKO08,SKU016,720
2026-08-26,LKO08,SKU017,414
2026-08-26,LKO08,SKU018,644
2026-08-27,LKO08,SKU001,36
2026-08-27,LKO08,SKU002,18
2026-08-27,LKO08,SKU003,19
2026-08-27,LKO08,SKU004,17
2026-08-27,LKO08,SKU005,43
2026-08-27,LKO08,SKU006,30
2026-08-27,LKO08,SKU007,32
2026-08-27,LKO08,SKU008,43
2026-08-27,LKO08,SKU009,28
2026-08-27,LKO08,SKU010,23
2026-08-27,LKO08,SKU011,19
2026-08-27,LKO08,SKU012,42
2026-08-27,LKO08,SKU013,23
2026-08-27,LKO08,SKU014,34
2026-08-27,LKO08,SKU015,175
2026-08-27,LKO08,SKU016,742
2026-08-27,LKO08,SKU017,424
2026-08-27,LKO08,SKU018,664
2026-08-28,LKO08,SKU001,25
2026-08-28,LKO08,SKU002,44
2026-08-28,LKO08,SKU003,28
2026-08-28,LKO08,SKU004,28
2026-08-28,LKO08,SKU005,20
2026-08-28,LKO08,SKU006,41
2026-08-28,LKO08,SKU007,18
2026-08-28,LKO08,SKU008,44
2026-08-28,LKO08,SKU009,30
2026-08-28,LKO08,SKU010,36
2026-08-28,LKO08,SKU011,44
2026-08-28,LKO08,SKU012,42
2026-08-28,LKO08,SKU013,26
2026-08-28,LKO08,SKU014,24
2026-08-28,LKO08,SKU015,183
2026-08-28,LKO08,SKU016,778
2026-08-28,LKO08,SKU017,430
2026-08-28,LKO08,SKU018,670
2026-08-29,LKO08,SKU001,41
2026-08-29,LKO08,SKU002,25
2026-08-29,LKO08,SKU003,28
2026-08-29,LKO08,SKU004,32
2026-08-29,LKO08,SKU005,16
2026-08-29,LKO08,SKU006,25
2026-08-29,LKO08,SKU007,19
2026-08-29,LKO08,SKU008,22
2026-08-29,LKO08,SKU009,38
2026-08-29,LKO08,SKU010,41
2026-08-29,LKO08,SKU011,47
2026-08-29,LKO08,SKU012,21
2026-08-29,LKO08,SKU013,44
2026-08-29,LKO08,SKU014,29
2026-08-29,LKO08,SKU015,197
2026-08-29,LKO08,SKU016,789
2026-08-29,LKO08,SKU017,441
2026-08-29,LKO08,SKU018,673
2026-08-30,LKO08,SKU001,34
2026-08-30,LKO08,SKU002,20
2026-08-30,LKO08,SKU003,22
2026-08-30,LKO08,SKU004,41
2026-08-30,LKO08,SKU005,16
2026-08-30,LKO08,SKU006,40
2026-08-30,LKO08,SKU007,23
2026-08-30,LKO08,SKU008,24
2026-08-30,LKO08,SKU009,31
2026-08-30,LKO08,SKU010,21
2026-08-30,LKO08,SKU011,39
2026-08-30,LKO08,SKU012,18
2026-08-30,LKO08,SKU013,26
2026-08-30,LKO08,SKU014,39
2026-08-30,LKO08,SKU015,176
2026-08-30,LKO08,SKU016,819
2026-08-30,LKO08,SKU017,443
2026-08-30,LKO08,SKU018,679
2026-08-01,LKO09,SKU001,74
2026-08-01,LKO09,SKU002,88
2026-08-01,LKO09,SKU003,132
2026-08-01,LKO09,SKU004,124
2026-08-01,LKO09,SKU005,155
2026-08-01,LKO09,SKU006,97
2026-08-01,LKO09,SKU007,115
2026-08-01,LKO09,SKU008,139
2026-08-01,LKO09,SKU009,123
2026-08-01,LKO09,SKU010,108
2026-08-01,LKO09,SKU011,84
2026-08-01,LKO09,SKU012,79
2026-08-01,LKO09,SKU013,98
2026-08-01,LKO09,SKU014,104
2026-08-01,LKO09,SKU015,104
2026-08-01,LKO09,SKU016,130
2026-08-01,LKO09,SKU017,91
2026-08-01,LKO09,SKU018,75
2026-08-02,LKO09,SKU001,15
2026-08-02,LKO09,SKU002,77
2026-08-02,LKO09,SKU003,124
2026-08-02,LKO09,SKU004,83
2026-08-02,LKO09,SKU005,95
2026-08-02,LKO09,SKU006,75
2026-08-02,LKO09,SKU007,82
2026-08-02,LKO09,SKU008,93
2026-08-02,LKO09,SKU009,116
2026-08-02,LKO09,SKU010,80
2026-08-02,LKO09,SKU011,82
2026-08-02,LKO09,SKU012,60
2026-08-02,LKO09,SKU013,98
2026-08-02,LKO09,SKU014,125
2026-08-02,LKO09,SKU015,129
2026-08-02,LKO09,SKU016,155
2026-08-02,LKO09,SKU017,122
2026-08-02,LKO09,SKU018,99
2026-08-03,LKO09,SKU001,37
2026-08-03,LKO09,SKU002,87
2026-08-03,LKO09,SKU003,127
2026-08-03,LKO09,SKU004,20
2026-08-03,LKO09,SKU005,55
2026-08-03,LKO09,SKU006,36
2026-08-03,LKO09,SKU007,62
2026-08-03,LKO09,SKU008,44
2026-08-03,LKO09,SKU009,120
2026-08-03,LKO09,SKU010,49
2026-08-03,LKO09,SKU011,91
2026-08-03,LKO09,SKU012,47
2026-08-03,LKO09,SKU013,104
2026-08-03,LKO09,SKU014,148
2026-08-03,LKO09,SKU015,139
2026-08-03,LKO09,SKU016,180
2026-08-03,LKO09,SKU017,132
2026-08-03,LKO09,SKU018,133
2026-08-04,LKO09,SKU001,39
2026-08-04,LKO09,SKU002,70
2026-08-04,LKO09,SKU003,128
2026-08-04,LKO09,SKU004,15
2026-08-04,LKO09,SKU005,22
2026-08-04,LKO09,SKU006,37
2026-08-04,LKO09,SKU007,29
2026-08-04,LKO09,SKU008,31
2026-08-04,LKO09,SKU009,121
2026-08-04,LKO09,SKU010,40
2026-08-04,LKO09,SKU011,114
2026-08-04,LKO09,SKU012,33
2026-08-04,LKO09,SKU013,123
2026-08-04,LKO09,SKU014,170
2026-08-04,LKO09,SKU015,152
2026-08-04,LKO09,SKU016,216
2026-08-04,LKO09,SKU017,163
2026-08-04,LKO09,SKU018,149
2026-08-05,LKO09,SKU001,31
2026-08-05,LKO09,SKU002,55
2026-08-05,LKO09,SKU003,109
2026-08-05,LKO09,SKU004,42
2026-08-05,LKO09,SKU005,16
2026-08-05,LKO09,SKU006,44
2026-08-05,LKO09,SKU007,25
2026-08-05,LKO09,SKU008,19
2026-08-05,LKO09,SKU009,123
2026-08-05,LKO09,SKU010,24
2026-08-05,LKO09,SKU011,119
2026-08-05,LKO09,SKU012,47
2026-08-05,LKO09,SKU013,131
2026-08-05,LKO09,SKU014,198
2026-08-05,LKO09,SKU015,166
2026-08-05,LKO09,SKU016,244
2026-08-05,LKO09,SKU017,182
2026-08-05,LKO09,SKU018,165
2026-08-06,LKO09,SKU001,15
2026-08-06,LKO09,SKU002,62
2026-08-06,LKO09,SKU003,113
2026-08-06,LKO09,SKU004,25
2026-08-06,LKO09,SKU005,32
2026-08-06,LKO09,SKU006,40
2026-08-06,LKO09,SKU007,22
2026-08-06,LKO09,SKU008,26
2026-08-06,LKO09,SKU009,119
2026-08-06,LKO09,SKU010,29
2026-08-06,LKO09,SKU011,134
2026-08-06,LKO09,SKU012,50
2026-08-06,LKO09,SKU013,147
2026-08-06,LKO09,SKU014,213
2026-08-06,LKO09,SKU015,193
2026-08-06,LKO09,SKU016,266
2026-08-06,LKO09,SKU017,212
2026-08-06,LKO09,SKU018,191
2026-08-07,LKO09,SKU001,31
2026-08-07,LKO09,SKU002,68
2026-08-07,LKO09,SKU003,112
2026-08-07,LKO09,SKU004,41
2026-08-07,LKO09,SKU005,26
2026-08-07,LKO09,SKU006,31
2026-08-07,LKO09,SKU007,34
2026-08-07,LKO09,SKU008,43
2026-08-07,LKO09,SKU009,144
2026-08-07,LKO09,SKU010,17
2026-08-07,LKO09,SKU011,160
2026-08-07,LKO09,SKU012,51
2026-08-07,LKO09,SKU013,158
2026-08-07,LKO09,SKU014,240
2026-08-07,LKO09,SKU015,212
2026-08-07,LKO09,SKU016,292
2026-08-07,LKO09,SKU017,247
2026-08-07,LKO09,SKU018,208
2026-08-08,LKO09,SKU001,17
2026-08-08,LKO09,SKU002,63
2026-08-08,LKO09,SKU003,120
2026-08-08,LKO09,SKU004,19
2026-08-08,LKO09,SKU005,44
2026-08-08,LKO09,SKU006,19
2026-08-08,LKO09,SKU007,35
2026-08-08,LKO09,SKU008,24
2026-08-08,LKO09,SKU009,144
2026-08-08,LKO09,SKU010,42
2026-08-08,LKO09,SKU011,174
2026-08-08,LKO09,SKU012,51
2026-08-08,LKO09,SKU013,177
2026-08-08,LKO09,SKU014,277
2026-08-08,LKO09,SKU015,235
2026-08-08,LKO09,SKU016,328
2026-08-08,LKO09,SKU017,274
2026-08-08,LKO09,SKU018,234
2026-08-09,LKO09,SKU001,24
2026-08-09,LKO09,SKU002,46
2026-08-09,LKO09,SKU003,102
2026-08-09,LKO09,SKU004,30
2026-08-09,LKO09,SKU005,39
2026-08-09,LKO09,SKU006,34
2026-08-09,LKO09,SKU007,35
2026-08-09,LKO09,SKU008,15
2026-08-09,LKO09,SKU009,167
2026-08-09,LKO09,SKU010,32
2026-08-09,LKO09,SKU011,201
2026-08-09,LKO09,SKU012,20
2026-08-09,LKO09,SKU013,178
2026-08-09,LKO09,SKU014,293
2026-08-09,LKO09,SKU015,247
2026-08-09,LKO09,SKU016,367
2026-08-09,LKO09,SKU017,311
2026-08-09,LKO09,SKU018,247
2026-08-10,LKO09,SKU001,20
2026-08-10,LKO09,SKU002,53
2026-08-10,LKO09,SKU003,95
2026-08-10,LKO09,SKU004,42
2026-08-10,LKO09,SKU005,35
2026-08-10,LKO09,SKU006,19
2026-08-10,LKO09,SKU007,38
2026-08-10,LKO09,SKU008,31
2026-08-10,LKO09,SKU009,172
2026-08-10,LKO09,SKU010,39
2026-08-10,LKO09,SKU011,223
2026-08-10,LKO09,SKU012,32
2026-08-10,LKO09,SKU013,190
2026-08-10,LKO09,SKU014,319
2026-08-10,LKO09,SKU015,254
2026-08-10,LKO09,SKU016,396
2026-08-10,LKO09,SKU017,346
2026-08-10,LKO09,SKU018,267
2026-08-11,LKO09,SKU001,43
2026-08-11,LKO09,SKU002,48
2026-08-11,LKO09,SKU003,80
2026-08-11,LKO09,SKU004,35
2026-08-11,LKO09,SKU005,29
2026-08-11,LKO09,SKU006,32
2026-08-11,LKO09,SKU007,43
2026-08-11,LKO09,SKU008,24
2026-08-11,LKO09,SKU009,163
2026-08-11,LKO09,SKU010,33
2026-08-11,LKO09,SKU011,226
2026-08-11,LKO09,SKU012,21
2026-08-11,LKO09,SKU013,217
2026-08-11,LKO09,SKU014,326
2026-08-11,LKO09,SKU015,282
2026-08-11,LKO09,SKU016,425
2026-08-11,LKO09,SKU017,384
2026-08-11,LKO09,SKU018,304
2026-08-12,LKO09,SKU001,40
2026-08-12,LKO09,SKU002,51
2026-08-12,LKO09,SKU003,81
2026-08-12,LKO09,SKU004,32
2026-08-12,LKO09,SKU005,18
2026-08-12,LKO09,SKU006,31
2026-08-12,LKO09,SKU007,22
2026-08-12,LKO09,SKU008,19
2026-08-12,LKO09,SKU009,166
2026-08-12,LKO09,SKU010,32
2026-08-12,LKO09,SKU011,249
2026-08-12,LKO09,SKU012,30
2026-08-12,LKO09,SKU013,229
2026-08-12,LKO09,SKU014,332
2026-08-12,LKO09,SKU015,318
2026-08-12,LKO09,SKU016,458
2026-08-12,LKO09,SKU017,393
2026-08-12,LKO09,SKU018,325
2026-08-13,LKO09,SKU001,17
2026-08-13,LKO09,SKU002,32
2026-08-13,LKO09,SKU003,103
2026-08-13,LKO09,SKU004,25
2026-08-13,LKO09,SKU005,37
2026-08-13,LKO09,SKU006,34
2026-08-13,LKO09,SKU007,42
2026-08-13,LKO09,SKU008,27
2026-08-13,LKO09,SKU009,161
2026-08-13,LKO09,SKU010,25
2026-08-13,LKO09,SKU011,266
2026-08-13,LKO09,SKU012,21
2026-08-13,LKO09,SKU013,247
2026-08-13,LKO09,SKU014,340
2026-08-13,LKO09,SKU015,337
2026-08-13,LKO09,SKU016,473
2026-08-13,LKO09,SKU017,416
2026-08-13,LKO09,SKU018,361
2026-08-14,LKO09,SKU001,20
2026-08-14,LKO09,SKU002,35
2026-08-14,LKO09,SKU003,112
2026-08-14,LKO09,SKU004,28
2026-08-14,LKO09,SKU005,39
2026-08-14,LKO09,SKU006,27
2026-08-14,LKO09,SKU007,38
2026-08-14,LKO09,SKU008,33
2026-08-14,LKO09,SKU009,168
2026-08-14,LKO09,SKU010,18
2026-08-14,LKO09,SKU011,273
2026-08-14,LKO09,SKU012,27
2026-08-14,LKO09,SKU013,271
2026-08-14,LKO09,SKU014,355
2026-08-14,LKO09,SKU015,363
2026-08-14,LKO09,SKU016,503
2026-08-14,LKO09,SKU017,454
2026-08-14,LKO09,SKU018,388
2026-08-15,LKO09,SKU001,38
2026-08-15,LKO09,SKU002,35
2026-08-15,LKO09,SKU003,126
2026-08-15,LKO09,SKU004,31
2026-08-15,LKO09,SKU005,37
2026-08-15,LKO09,SKU006,21
2026-08-15,LKO09,SKU007,25
2026-08-15,LKO09,SKU008,30
2026-08-15,LKO09,SKU009,170
2026-08-15,LKO09,SKU010,42
2026-08-15,LKO09,SKU011,277
2026-08-15,LKO09,SKU012,31
2026-08-15,LKO09,SKU013,280
2026-08-15,LKO09,SKU014,380
2026-08-15,LKO09,SKU015,392
2026-08-15,LKO09,SKU016,516
2026-08-15,LKO09,SKU017,493
2026-08-15,LKO09,SKU018,405
2026-08-16,LKO09,SKU001,43
2026-08-16,LKO09,SKU002,46
2026-08-16,LKO09,SKU003,111
2026-08-16,LKO09,SKU004,43
2026-08-16,LKO09,SKU005,36
2026-08-16,LKO09,SKU006,35
2026-08-16,LKO09,SKU007,18
2026-08-16,LKO09,SKU008,19
2026-08-16,LKO09,SKU009,181
2026-08-16,LKO09,SKU010,20
2026-08-16,LKO09,SKU011,288
2026-08-16,LKO09,SKU012,43
2026-08-16,LKO09,SKU013,298
2026-08-16,LKO09,SKU014,393
2026-08-16,LKO09,SKU015,397
2026-08-16,LKO09,SKU016,537
2026-08-16,LKO09,SKU017,525
2026-08-16,LKO09,SKU018,428
2026-08-17,LKO09,SKU001,18
2026-08-17,LKO09,SKU002,39
2026-08-17,LKO09,SKU003,117
2026-08-17,LKO09,SKU004,25
2026-08-17,LKO09,SKU005,19
2026-08-17,LKO09,SKU006,26
2026-08-17,LKO09,SKU007,36
2026-08-17,LKO09,SKU008,18
2026-08-17,LKO09,SKU009,170
2026-08-17,LKO09,SKU010,20
2026-08-17,LKO09,SKU011,285
2026-08-17,LKO09,SKU012,17
2026-08-17,LKO09,SKU013,302
2026-08-17,LKO09,SKU014,405
2026-08-17,LKO09,SKU015,425
2026-08-17,LKO09,SKU016,573
2026-08-17,LKO09,SKU017,559
2026-08-17,LKO09,SKU018,453
2026-08-18,LKO09,SKU001,24
2026-08-18,LKO09,SKU002,57
2026-08-18,LKO09,SKU003,111
2026-08-18,LKO09,SKU004,15
2026-08-18,LKO09,SKU005,40
2026-08-18,LKO09,SKU006,37
2026-08-18,LKO09,SKU007,23
2026-08-18,LKO09,SKU008,42
2026-08-18,LKO09,SKU009,179
2026-08-18,LKO09,SKU010,22
2026-08-18,LKO09,SKU011,309
2026-08-18,LKO09,SKU012,38
2026-08-18,LKO09,SKU013,323
2026-08-18,LKO09,SKU014,410
2026-08-18,LKO09,SKU015,439
2026-08-18,LKO09,SKU016,603
2026-08-18,LKO09,SKU017,594
2026-08-18,LKO09,SKU018,484
2026-08-19,LKO09,SKU001,43
2026-08-19,LKO09,SKU002,41
2026-08-19,LKO09,SKU003,119
2026-08-19,LKO09,SKU004,37
2026-08-19,LKO09,SKU005,42
2026-08-19,LKO09,SKU006,15
2026-08-19,LKO09,SKU007,35
2026-08-19,LKO09,SKU008,28
2026-08-19,LKO09,SKU009,200
2026-08-19,LKO09,SKU010,16
2026-08-19,LKO09,SKU011,335
2026-08-19,LKO09,SKU012,34
2026-08-19,LKO09,SKU013,311
2026-08-19,LKO09,SKU014,439
2026-08-19,LKO09,SKU015,453
2026-08-19,LKO09,SKU016,628
2026-08-19,LKO09,SKU017,631
2026-08-19,LKO09,SKU018,509
2026-08-20,LKO09,SKU001,21
2026-08-20,LKO09,SKU002,57
2026-08-20,LKO09,SKU003,130
2026-08-20,LKO09,SKU004,34
2026-08-20,LKO09,SKU005,30
2026-08-20,LKO09,SKU006,21
2026-08-20,LKO09,SKU007,18
2026-08-20,LKO09,SKU008,25
2026-08-20,LKO09,SKU009,193
2026-08-20,LKO09,SKU010,22
2026-08-20,LKO09,SKU011,352
2026-08-20,LKO09,SKU012,24
2026-08-20,LKO09,SKU013,320
2026-08-20,LKO09,SKU014,466
2026-08-20,LKO09,SKU015,476
2026-08-20,LKO09,SKU016,670
2026-08-20,LKO09,SKU017,641
2026-08-20,LKO09,SKU018,532
2026-08-21,LKO09,SKU001,32
2026-08-21,LKO09,SKU002,67
2026-08-21,LKO09,SKU003,113
2026-08-21,LKO09,SKU004,32
2026-08-21,LKO09,SKU005,41
2026-08-21,LKO09,SKU006,28
2026-08-21,LKO09,SKU007,42
2026-08-21,LKO09,SKU008,41
2026-08-21,LKO09,SKU009,217
2026-08-21,LKO09,SKU010,34
2026-08-21,LKO09,SKU011,376
2026-08-21,LKO09,SKU012,20
2026-08-21,LKO09,SKU013,323
2026-08-21,LKO09,SKU014,493
2026-08-21,LKO09,SKU015,488
2026-08-21,LKO09,SKU016,685
2026-08-21,LKO09,SKU017,663
2026-08-21,LKO09,SKU018,546
2026-08-22,LKO09,SKU001,28
2026-08-22,LKO09,SKU002,68
2026-08-22,LKO09,SKU003,98
2026-08-22,LKO09,SKU004,29
2026-08-22,LKO09,SKU005,29
2026-08-22,LKO09,SKU006,18
2026-08-22,LKO09,SKU007,39
2026-08-22,LKO09,SKU008,18
2026-08-22,LKO09,SKU009,221
2026-08-22,LKO09,SKU010,42
2026-08-22,LKO09,SKU011,385
2026-08-22,LKO09,SKU012,26
2026-08-22,LKO09,SKU013,341
2026-08-22,LKO09,SKU014,524
2026-08-22,LKO09,SKU015,498
2026-08-22,LKO09,SKU016,725
2026-08-22,LKO09,SKU017,678
2026-08-22,LKO09,SKU018,587
2026-08-23,LKO09,SKU001,40
2026-08-23,LKO09,SKU002,77
2026-08-23,LKO09,SKU003,82
2026-08-23,LKO09,SKU004,29
2026-08-23,LKO09,SKU005,39
2026-08-23,LKO09,SKU006,38
2026-08-23,LKO09,SKU007,31
2026-08-23,LKO09,SKU008,22
2026-08-23,LKO09,SKU009,228
2026-08-23,LKO09,SKU010,39
2026-08-23,LKO09,SKU011,388
2026-08-23,LKO09,SKU012,39
2026-08-23,LKO09,SKU013,352
2026-08-23,LKO09,SKU014,525
2026-08-23,LKO09,SKU015,530
2026-08-23,LKO09,SKU016,739
2026-08-23,LKO09,SKU017,688
2026-08-23,LKO09,SKU018,621
2026-08-24,LKO09,SKU001,28
2026-08-24,LKO09,SKU002,57
2026-08-24,LKO09,SKU003,68
2026-08-24,LKO09,SKU004,43
2026-08-24,LKO09,SKU005,34
2026-08-24,LKO09,SKU006,40
2026-08-24,LKO09,SKU007,37
2026-08-24,LKO09,SKU008,27
2026-08-24,LKO09,SKU009,233
2026-08-24,LKO09,SKU010,39
2026-08-24,LKO09,SKU011,394
2026-08-24,LKO09,SKU012,37
2026-08-24,LKO09,SKU013,357
2026-08-24,LKO09,SKU014,545
2026-08-24,LKO09,SKU015,559
2026-08-24,LKO09,SKU016,765
2026-08-24,LKO09,SKU017,727
2026-08-24,LKO09,SKU018,643
2026-08-25,LKO09,SKU001,15
2026-08-25,LKO09,SKU002,56
2026-08-25,LKO09,SKU003,55
2026-08-25,LKO09,SKU004,20
2026-08-25,LKO09,SKU005,23
2026-08-25,LKO09,SKU006,22
2026-08-25,LKO09,SKU007,22
2026-08-25,LKO09,SKU008,21
2026-08-25,LKO09,SKU009,259
2026-08-25,LKO09,SKU010,26
2026-08-25,LKO09,SKU011,414
2026-08-25,LKO09,SKU012,40
2026-08-25,LKO09,SKU013,368
2026-08-25,LKO09,SKU014,568
2026-08-25,LKO09,SKU015,568
2026-08-25,LKO09,SKU016,798
2026-08-25,LKO09,SKU017,737
2026-08-25,LKO09,SKU018,652
2026-08-26,LKO09,SKU001,21
2026-08-26,LKO09,SKU002,73
2026-08-26,LKO09,SKU003,68
2026-08-26,LKO09,SKU004,20
2026-08-26,LKO09,SKU005,18
2026-08-26,LKO09,SKU006,21
2026-08-26,LKO09,SKU007,38
2026-08-26,LKO09,SKU008,36
2026-08-26,LKO09,SKU009,275
2026-08-26,LKO09,SKU010,27
2026-08-26,LKO09,SKU011,417
2026-08-26,LKO09,SKU012,26
2026-08-26,LKO09,SKU013,392
2026-08-26,LKO09,SKU014,579
2026-08-26,LKO09,SKU015,591
2026-08-26,LKO09,SKU016,822
2026-08-26,LKO09,SKU017,767
2026-08-26,LKO09,SKU018,693
2026-08-27,LKO09,SKU001,39
2026-08-27,LKO09,SKU002,65
2026-08-27,LKO09,SKU003,80
2026-08-27,LKO09,SKU004,39
2026-08-27,LKO09,SKU005,35
2026-08-27,LKO09,SKU006,16
2026-08-27,LKO09,SKU007,21
2026-08-27,LKO09,SKU008,29
2026-08-27,LKO09,SKU009,287
2026-08-27,LKO09,SKU010,38
2026-08-27,LKO09,SKU011,436
2026-08-27,LKO09,SKU012,21
2026-08-27,LKO09,SKU013,391
2026-08-27,LKO09,SKU014,609
2026-08-27,LKO09,SKU015,629
2026-08-27,LKO09,SKU016,857
2026-08-27,LKO09,SKU017,801
2026-08-27,LKO09,SKU018,726
2026-08-28,LKO09,SKU001,31
2026-08-28,LKO09,SKU002,67
2026-08-28,LKO09,SKU003,96
2026-08-28,LKO09,SKU004,20
2026-08-28,LKO09,SKU005,31
2026-08-28,LKO09,SKU006,21
2026-08-28,LKO09,SKU007,33
2026-08-28,LKO09,SKU008,32
2026-08-28,LKO09,SKU009,286
2026-08-28,LKO09,SKU010,28
2026-08-28,LKO09,SKU011,449
2026-08-28,LKO09,SKU012,36
2026-08-28,LKO09,SKU013,412
2026-08-28,LKO09,SKU014,623
2026-08-28,LKO09,SKU015,643
2026-08-28,LKO09,SKU016,895
2026-08-28,LKO09,SKU017,838
2026-08-28,LKO09,SKU018,737
2026-08-29,LKO09,SKU001,41
2026-08-29,LKO09,SKU002,68
2026-08-29,LKO09,SKU003,104
2026-08-29,LKO09,SKU004,28
2026-08-29,LKO09,SKU005,19
2026-08-29,LKO09,SKU006,15
2026-08-29,LKO09,SKU007,16
2026-08-29,LKO09,SKU008,21
2026-08-29,LKO09,SKU009,283
2026-08-29,LKO09,SKU010,22
2026-08-29,LKO09,SKU011,465
2026-08-29,LKO09,SKU012,30
2026-08-29,LKO09,SKU013,425
2026-08-29,LKO09,SKU014,644
2026-08-29,LKO09,SKU015,678
2026-08-29,LKO09,SKU016,913
2026-08-29,LKO09,SKU017,851
2026-08-29,LKO09,SKU018,754
2026-08-30,LKO09,SKU001,44
2026-08-30,LKO09,SKU002,77
2026-08-30,LKO09,SKU003,104
2026-08-30,LKO09,SKU004,39
2026-08-30,LKO09,SKU005,39
2026-08-30,LKO09,SKU006,31
2026-08-30,LKO09,SKU007,29
2026-08-30,LKO09,SKU008,43
2026-08-30,LKO09,SKU009,284
2026-08-30,LKO09,SKU010,38
2026-08-30,LKO09,SKU011,494
2026-08-30,LKO09,SKU012,43
2026-08-30,LKO09,SKU013,423
2026-08-30,LKO09,SKU014,659
2026-08-30,LKO09,SKU015,682
2026-08-30,LKO09,SKU016,944
2026-08-30,LKO09,SKU017,888
2026-08-30,LKO09,SKU018,778
2026-08-01,LKO10,SKU001,139
2026-08-01,LKO10,SKU002,93
2026-08-01,LKO10,SKU003,92
2026-08-01,LKO10,SKU004,123
2026-08-01,LKO10,SKU005,70
2026-08-01,LKO10,SKU006,68
2026-08-01,LKO10,SKU007,119
2026-08-01,LKO10,SKU008,80
2026-08-01,LKO10,SKU009,130
2026-08-01,LKO10,SKU010,141
2026-08-01,LKO10,SKU011,141
2026-08-01,LKO10,SKU012,113
2026-08-01,LKO10,SKU013,100
2026-08-01,LKO10,SKU014,104
2026-08-01,LKO10,SKU015,117
2026-08-01,LKO10,SKU016,109
2026-08-01,LKO10,SKU017,127
2026-08-01,LKO10,SKU018,96
2026-08-02,LKO10,SKU001,74
2026-08-02,LKO10,SKU002,78
2026-08-02,LKO10,SKU003,81
2026-08-02,LKO10,SKU004,81
2026-08-02,LKO10,SKU005,18
2026-08-02,LKO10,SKU006,42
2026-08-02,LKO10,SKU007,86
2026-08-02,LKO10,SKU008,26
2026-08-02,LKO10,SKU009,129
2026-08-02,LKO10,SKU010,100
2026-08-02,LKO10,SKU011,156
2026-08-02,LKO10,SKU012,104
2026-08-02,LKO10,SKU013,127
2026-08-02,LKO10,SKU014,112
2026-08-02,LKO10,SKU015,149
2026-08-02,LKO10,SKU016,126
2026-08-02,LKO10,SKU017,159
2026-08-02,LKO10,SKU018,120
2026-08-03,LKO10,SKU001,22
2026-08-03,LKO10,SKU002,71
2026-08-03,LKO10,SKU003,79
2026-08-03,LKO10,SKU004,44
2026-08-03,LKO10,SKU005,41
2026-08-03,LKO10,SKU006,26
2026-08-03,LKO10,SKU007,73
2026-08-03,LKO10,SKU008,41
2026-08-03,LKO10,SKU009,139
2026-08-03,LKO10,SKU010,72
2026-08-03,LKO10,SKU011,162
2026-08-03,LKO10,SKU012,67
2026-08-03,LKO10,SKU013,129
2026-08-03,LKO10,SKU014,112
2026-08-03,LKO10,SKU015,160
2026-08-03,LKO10,SKU016,142
2026-08-03,LKO10,SKU017,195
2026-08-03,LKO10,SKU018,150
2026-08-04,LKO10,SKU001,27
2026-08-04,LKO10,SKU002,54
2026-08-04,LKO10,SKU003,58
2026-08-04,LKO10,SKU004,33
2026-08-04,LKO10,SKU005,15
2026-08-04,LKO10,SKU006,40
2026-08-04,LKO10,SKU007,49
2026-08-04,LKO10,SKU008,35
2026-08-04,LKO10,SKU009,137
2026-08-04,LKO10,SKU010,78
2026-08-04,LKO10,SKU011,187
2026-08-04,LKO10,SKU012,54
2026-08-04,LKO10,SKU013,129
2026-08-04,LKO10,SKU014,143
2026-08-04,LKO10,SKU015,176
2026-08-04,LKO10,SKU016,180
2026-08-04,LKO10,SKU017,210
2026-08-04,LKO10,SKU018,180
2026-08-05,LKO10,SKU001,30
2026-08-05,LKO10,SKU002,71
2026-08-05,LKO10,SKU003,67
2026-08-05,LKO10,SKU004,40
2026-08-05,LKO10,SKU005,40
2026-08-05,LKO10,SKU006,17
2026-08-05,LKO10,SKU007,47
2026-08-05,LKO10,SKU008,32
2026-08-05,LKO10,SKU009,157
2026-08-05,LKO10,SKU010,76
2026-08-05,LKO10,SKU011,221
2026-08-05,LKO10,SKU012,25
2026-08-05,LKO10,SKU013,146
2026-08-05,LKO10,SKU014,163
2026-08-05,LKO10,SKU015,186
2026-08-05,LKO10,SKU016,203
2026-08-05,LKO10,SKU017,223
2026-08-05,LKO10,SKU018,218
2026-08-06,LKO10,SKU001,41
2026-08-06,LKO10,SKU002,75
2026-08-06,LKO10,SKU003,52
2026-08-06,LKO10,SKU004,42
2026-08-06,LKO10,SKU005,27
2026-08-06,LKO10,SKU006,23
2026-08-06,LKO10,SKU007,29
2026-08-06,LKO10,SKU008,37
2026-08-06,LKO10,SKU009,152
2026-08-06,LKO10,SKU010,77
2026-08-06,LKO10,SKU011,225
2026-08-06,LKO10,SKU012,40
2026-08-06,LKO10,SKU013,170
2026-08-06,LKO10,SKU014,194
2026-08-06,LKO10,SKU015,217
2026-08-06,LKO10,SKU016,240
2026-08-06,LKO10,SKU017,232
2026-08-06,LKO10,SKU018,242
2026-08-07,LKO10,SKU001,17
2026-08-07,LKO10,SKU002,58
2026-08-07,LKO10,SKU003,52
2026-08-07,LKO10,SKU004,28
2026-08-07,LKO10,SKU005,35
2026-08-07,LKO10,SKU006,34
2026-08-07,LKO10,SKU007,25
2026-08-07,LKO10,SKU008,34
2026-08-07,LKO10,SKU009,160
2026-08-07,LKO10,SKU010,68
2026-08-07,LKO10,SKU011,244
2026-08-07,LKO10,SKU012,38
2026-08-07,LKO10,SKU013,177
2026-08-07,LKO10,SKU014,221
2026-08-07,LKO10,SKU015,242
2026-08-07,LKO10,SKU016,263
2026-08-07,LKO10,SKU017,269
2026-08-07,LKO10,SKU018,278
2026-08-08,LKO10,SKU001,18
2026-08-08,LKO10,SKU002,57
2026-08-08,LKO10,SKU003,38
2026-08-08,LKO10,SKU004,39
2026-08-08,LKO10,SKU005,41
2026-08-08,LKO10,SKU006,32
2026-08-08,LKO10,SKU007,39
2026-08-08,LKO10,SKU008,30
2026-08-08,LKO10,SKU009,169
2026-08-08,LKO10,SKU010,58
2026-08-08,LKO10,SKU011,242
2026-08-08,LKO10,SKU012,21
2026-08-08,LKO10,SKU013,200
2026-08-08,LKO10,SKU014,253
2026-08-08,LKO10,SKU015,264
2026-08-08,LKO10,SKU016,294
2026-08-08,LKO10,SKU017,291
2026-08-08,LKO10,SKU018,296
2026-08-09,LKO10,SKU001,29
2026-08-09,LKO10,SKU002,50
2026-08-09,LKO10,SKU003,41
2026-08-09,LKO10,SKU004,32
2026-08-09,LKO10,SKU005,40
2026-08-09,LKO10,SKU006,16
2026-08-09,LKO10,SKU007,36
2026-08-09,LKO10,SKU008,43
2026-08-09,LKO10,SKU009,182
2026-08-09,LKO10,SKU010,35
2026-08-09,LKO10,SKU011,245
2026-08-09,LKO10,SKU012,40
2026-08-09,LKO10,SKU013,204
2026-08-09,LKO10,SKU014,254
2026-08-09,LKO10,SKU015,288
2026-08-09,LKO10,SKU016,320
2026-08-09,LKO10,SKU017,323
2026-08-09,LKO10,SKU018,333
2026-08-10,LKO10,SKU001,39
2026-08-10,LKO10,SKU002,60
2026-08-10,LKO10,SKU003,29
2026-08-10,LKO10,SKU004,20
2026-08-10,LKO10,SKU005,15
2026-08-10,LKO10,SKU006,32
2026-08-10,LKO10,SKU007,44
2026-08-10,LKO10,SKU008,18
2026-08-10,LKO10,SKU009,172
2026-08-10,LKO10,SKU010,19
2026-08-10,LKO10,SKU011,252
2026-08-10,LKO10,SKU012,17
2026-08-10,LKO10,SKU013,213
2026-08-10,LKO10,SKU014,273
2026-08-10,LKO10,SKU015,317
2026-08-10,LKO10,SKU016,341
2026-08-10,LKO10,SKU017,359
2026-08-10,LKO10,SKU018,346
2026-08-11,LKO10,SKU001,33
2026-08-11,LKO10,SKU002,72
2026-08-11,LKO10,SKU003,34
2026-08-11,LKO10,SKU004,19
2026-08-11,LKO10,SKU005,25
2026-08-11,LKO10,SKU006,24
2026-08-11,LKO10,SKU007,32
2026-08-11,LKO10,SKU008,39
2026-08-11,LKO10,SKU009,162
2026-08-11,LKO10,SKU010,18
2026-08-11,LKO10,SKU011,271
2026-08-11,LKO10,SKU012,32
2026-08-11,LKO10,SKU013,232
2026-08-11,LKO10,SKU014,285
2026-08-11,LKO10,SKU015,341
2026-08-11,LKO10,SKU016,354
2026-08-11,LKO10,SKU017,397
2026-08-11,LKO10,SKU018,382
2026-08-12,LKO10,SKU001,36
2026-08-12,LKO10,SKU002,83
2026-08-12,LKO10,SKU003,33
2026-08-12,LKO10,SKU004,22
2026-08-12,LKO10,SKU005,41
2026-08-12,LKO10,SKU006,23
2026-08-12,LKO10,SKU007,22
2026-08-12,LKO10,SKU008,18
2026-08-12,LKO10,SKU009,155
2026-08-12,LKO10,SKU010,29
2026-08-12,LKO10,SKU011,266
2026-08-12,LKO10,SKU012,43
2026-08-12,LKO10,SKU013,255
2026-08-12,LKO10,SKU014,295
2026-08-12,LKO10,SKU015,364
2026-08-12,LKO10,SKU016,390
2026-08-12,LKO10,SKU017,422
2026-08-12,LKO10,SKU018,400
2026-08-13,LKO10,SKU001,34
2026-08-13,LKO10,SKU002,88
2026-08-13,LKO10,SKU003,31
2026-08-13,LKO10,SKU004,34
2026-08-13,LKO10,SKU005,24
2026-08-13,LKO10,SKU006,44
2026-08-13,LKO10,SKU007,28
2026-08-13,LKO10,SKU008,38
2026-08-13,LKO10,SKU009,151
2026-08-13,LKO10,SKU010,19
2026-08-13,LKO10,SKU011,295
2026-08-13,LKO10,SKU012,25
2026-08-13,LKO10,SKU013,284
2026-08-13,LKO10,SKU014,321
2026-08-13,LKO10,SKU015,381
2026-08-13,LKO10,SKU016,428
2026-08-13,LKO10,SKU017,446
2026-08-13,LKO10,SKU018,422
2026-08-14,LKO10,SKU001,41
2026-08-14,LKO10,SKU002,113
2026-08-14,LKO10,SKU003,28
2026-08-14,LKO10,SKU004,18
2026-08-14,LKO10,SKU005,21
2026-08-14,LKO10,SKU006,37
2026-08-14,LKO10,SKU007,38
2026-08-14,LKO10,SKU008,35
2026-08-14,LKO10,SKU009,169
2026-08-14,LKO10,SKU010,23
2026-08-14,LKO10,SKU011,332
2026-08-14,LKO10,SKU012,16
2026-08-14,LKO10,SKU013,303
2026-08-14,LKO10,SKU014,334
2026-08-14,LKO10,SKU015,398
2026-08-14,LKO10,SKU016,452
2026-08-14,LKO10,SKU017,473
2026-08-14,LKO10,SKU018,450
2026-08-15,LKO10,SKU001,31
2026-08-15,LKO10,SKU002,131
2026-08-15,LKO10,SKU003,33
2026-08-15,LKO10,SKU004,29
2026-08-15,LKO10,SKU005,27
2026-08-15,LKO10,SKU006,41
2026-08-15,LKO10,SKU007,20
2026-08-15,LKO10,SKU008,27
2026-08-15,LKO10,SKU009,174
2026-08-15,LKO10,SKU010,24
2026-08-15,LKO10,SKU011,350
2026-08-15,LKO10,SKU012,31
2026-08-15,LKO10,SKU013,331
2026-08-15,LKO10,SKU014,341
2026-08-15,LKO10,SKU015,415
2026-08-15,LKO10,SKU016,482
2026-08-15,LKO10,SKU017,498
2026-08-15,LKO10,SKU018,464
2026-08-16,LKO10,SKU001,26
2026-08-16,LKO10,SKU002,127
2026-08-16,LKO10,SKU003,29
2026-08-16,LKO10,SKU004,22
2026-08-16,LKO10,SKU005,39
2026-08-16,LKO10,SKU006,44
2026-08-16,LKO10,SKU007,18
2026-08-16,LKO10,SKU008,32
2026-08-16,LKO10,SKU009,164
2026-08-16,LKO10,SKU010,15
2026-08-16,LKO10,SKU011,362
2026-08-16,LKO10,SKU012,41
2026-08-16,LKO10,SKU013,351
2026-08-16,LKO10,SKU014,348
2026-08-16,LKO10,SKU015,432
2026-08-16,LKO10,SKU016,507
2026-08-16,LKO10,SKU017,529
2026-08-16,LKO10,SKU018,496
2026-08-17,LKO10,SKU001,31
2026-08-17,LKO10,SKU002,130
2026-08-17,LKO10,SKU003,17
2026-08-17,LKO10,SKU004,36
2026-08-17,LKO10,SKU005,30
2026-08-17,LKO10,SKU006,21
2026-08-17,LKO10,SKU007,22
2026-08-17,LKO10,SKU008,19
2026-08-17,LKO10,SKU009,176
2026-08-17,LKO10,SKU010,20
2026-08-17,LKO10,SKU011,380
2026-08-17,LKO10,SKU012,28
2026-08-17,LKO10,SKU013,368
2026-08-17,LKO10,SKU014,357
2026-08-17,LKO10,SKU015,444
2026-08-17,LKO10,SKU016,526
2026-08-17,LKO10,SKU017,563
2026-08-17,LKO10,SKU018,515
2026-08-18,LKO10,SKU001,36
2026-08-18,LKO10,SKU002,135
2026-08-18,LKO10,SKU003,30
2026-08-18,LKO10,SKU004,27
2026-08-18,LKO10,SKU005,26
2026-08-18,LKO10,SKU006,44
2026-08-18,LKO10,SKU007,37
2026-08-18,LKO10,SKU008,16
2026-08-18,LKO10,SKU009,205
2026-08-18,LKO10,SKU010,29
2026-08-18,LKO10,SKU011,391
2026-08-18,LKO10,SKU012,16
2026-08-18,LKO10,SKU013,391
2026-08-18,LKO10,SKU014,387
2026-08-18,LKO10,SKU015,451
2026-08-18,LKO10,SKU016,537
2026-08-18,LKO10,SKU017,576
2026-08-18,LKO10,SKU018,551
2026-08-19,LKO10,SKU001,37
2026-08-19,LKO10,SKU002,134
2026-08-19,LKO10,SKU003,35
2026-08-19,LKO10,SKU004,41
2026-08-19,LKO10,SKU005,33
2026-08-19,LKO10,SKU006,33
2026-08-19,LKO10,SKU007,31
2026-08-19,LKO10,SKU008,24
2026-08-19,LKO10,SKU009,217
2026-08-19,LKO10,SKU010,18
2026-08-19,LKO10,SKU011,396
2026-08-19,LKO10,SKU012,44
2026-08-19,LKO10,SKU013,426
2026-08-19,LKO10,SKU014,399
2026-08-19,LKO10,SKU015,456
2026-08-19,LKO10,SKU016,552
2026-08-19,LKO10,SKU017,598
2026-08-19,LKO10,SKU018,579
2026-08-20,LKO10,SKU001,41
2026-08-20,LKO10,SKU002,149
2026-08-20,LKO10,SKU003,21
2026-08-20,LKO10,SKU004,20
2026-08-20,LKO10,SKU005,41
2026-08-20,LKO10,SKU006,42
2026-08-20,LKO10,SKU007,26
2026-08-20,LKO10,SKU008,42
2026-08-20,LKO10,SKU009,231
2026-08-20,LKO10,SKU010,38
2026-08-20,LKO10,SKU011,410
2026-08-20,LKO10,SKU012,29
2026-08-20,LKO10,SKU013,442
2026-08-20,LKO10,SKU014,428
2026-08-20,LKO10,SKU015,472
2026-08-20,LKO10,SKU016,570
2026-08-20,LKO10,SKU017,607
2026-08-20,LKO10,SKU018,605
2026-08-21,LKO10,SKU001,28
2026-08-21,LKO10,SKU002,158
2026-08-21,LKO10,SKU003,31
2026-08-21,LKO10,SKU004,16
2026-08-21,LKO10,SKU005,42
2026-08-21,LKO10,SKU006,34
2026-08-21,LKO10,SKU007,35
2026-08-21,LKO10,SKU008,30
2026-08-21,LKO10,SKU009,237
2026-08-21,LKO10,SKU010,32
2026-08-21,LKO10,SKU011,429
2026-08-21,LKO10,SKU012,25
2026-08-21,LKO10,SKU013,465
2026-08-21,LKO10,SKU014,446
2026-08-21,LKO10,SKU015,495
2026-08-21,LKO10,SKU016,599
2026-08-21,LKO10,SKU017,631
2026-08-21,LKO10,SKU018,618
2026-08-22,LKO10,SKU001,39
2026-08-22,LKO10,SKU002,168
2026-08-22,LKO10,SKU003,21
2026-08-22,LKO10,SKU004,27
2026-08-22,LKO10,SKU005,34
2026-08-22,LKO10,SKU006,21
2026-08-22,LKO10,SKU007,28
2026-08-22,LKO10,SKU008,35
2026-08-22,LKO10,SKU009,238
2026-08-22,LKO10,SKU010,21
2026-08-22,LKO10,SKU011,454
2026-08-22,LKO10,SKU012,28
2026-08-22,LKO10,SKU013,486
2026-08-22,LKO10,SKU014,456
2026-08-22,LKO10,SKU015,526
2026-08-22,LKO10,SKU016,624
2026-08-22,LKO10,SKU017,663
2026-08-22,LKO10,SKU018,636
2026-08-23,LKO10,SKU001,19
2026-08-23,LKO10,SKU002,155
2026-08-23,LKO10,SKU003,28
2026-08-23,LKO10,SKU004,37
2026-08-23,LKO10,SKU005,33
2026-08-23,LKO10,SKU006,26
2026-08-23,LKO10,SKU007,43
2026-08-23,LKO10,SKU008,19
2026-08-23,LKO10,SKU009,252
2026-08-23,LKO10,SKU010,37
2026-08-23,LKO10,SKU011,479
2026-08-23,LKO10,SKU012,31
2026-08-23,LKO10,SKU013,496
2026-08-23,LKO10,SKU014,478
2026-08-23,LKO10,SKU015,542
2026-08-23,LKO10,SKU016,658
2026-08-23,LKO10,SKU017,698
2026-08-23,LKO10,SKU018,654
2026-08-24,LKO10,SKU001,28
2026-08-24,LKO10,SKU002,138
2026-08-24,LKO10,SKU003,30
2026-08-24,LKO10,SKU004,41
2026-08-24,LKO10,SKU005,26
2026-08-24,LKO10,SKU006,38
2026-08-24,LKO10,SKU007,34
2026-08-24,LKO10,SKU008,40
2026-08-24,LKO10,SKU009,253
2026-08-24,LKO10,SKU010,45
2026-08-24,LKO10,SKU011,505
2026-08-24,LKO10,SKU012,34
2026-08-24,LKO10,SKU013,523
2026-08-24,LKO10,SKU014,489
2026-08-24,LKO10,SKU015,552
2026-08-24,LKO10,SKU016,672
2026-08-24,LKO10,SKU017,728
2026-08-24,LKO10,SKU018,667
2026-08-25,LKO10,SKU001,20
2026-08-25,LKO10,SKU002,133
2026-08-25,LKO10,SKU003,30
2026-08-25,LKO10,SKU004,41
2026-08-25,LKO10,SKU005,31
2026-08-25,LKO10,SKU006,43
2026-08-25,LKO10,SKU007,25
2026-08-25,LKO10,SKU008,18
2026-08-25,LKO10,SKU009,251
2026-08-25,LKO10,SKU010,37
2026-08-25,LKO10,SKU011,506
2026-08-25,LKO10,SKU012,37
2026-08-25,LKO10,SKU013,531
2026-08-25,LKO10,SKU014,505
2026-08-25,LKO10,SKU015,581
2026-08-25,LKO10,SKU016,707
2026-08-25,LKO10,SKU017,758
2026-08-25,LKO10,SKU018,681
2026-08-26,LKO10,SKU001,18
2026-08-26,LKO10,SKU002,133
2026-08-26,LKO10,SKU003,36
2026-08-26,LKO10,SKU004,15
2026-08-26,LKO10,SKU005,27
2026-08-26,LKO10,SKU006,44
2026-08-26,LKO10,SKU007,36
2026-08-26,LKO10,SKU008,40
2026-08-26,LKO10,SKU009,259
2026-08-26,LKO10,SKU010,37
2026-08-26,LKO10,SKU011,533
2026-08-26,LKO10,SKU012,33
2026-08-26,LKO10,SKU013,532
2026-08-26,LKO10,SKU014,530
2026-08-26,LKO10,SKU015,611
2026-08-26,LKO10,SKU016,731
2026-08-26,LKO10,SKU017,793
2026-08-26,LKO10,SKU018,706
2026-08-27,LKO10,SKU001,43
2026-08-27,LKO10,SKU002,140
2026-08-27,LKO10,SKU003,24
2026-08-27,LKO10,SKU004,15
2026-08-27,LKO10,SKU005,43
2026-08-27,LKO10,SKU006,46
2026-08-27,LKO10,SKU007,19
2026-08-27,LKO10,SKU008,34
2026-08-27,LKO10,SKU009,273
2026-08-27,LKO10,SKU010,44
2026-08-27,LKO10,SKU011,554
2026-08-27,LKO10,SKU012,36
2026-08-27,LKO10,SKU013,536
2026-08-27,LKO10,SKU014,535
2026-08-27,LKO10,SKU015,625
2026-08-27,LKO10,SKU016,756
2026-08-27,LKO10,SKU017,822
2026-08-27,LKO10,SKU018,727
2026-08-28,LKO10,SKU001,33
2026-08-28,LKO10,SKU002,144
2026-08-28,LKO10,SKU003,40
2026-08-28,LKO10,SKU004,20
2026-08-28,LKO10,SKU005,44
2026-08-28,LKO10,SKU006,40
2026-08-28,LKO10,SKU007,23
2026-08-28,LKO10,SKU008,15
2026-08-28,LKO10,SKU009,270
2026-08-28,LKO10,SKU010,45
2026-08-28,LKO10,SKU011,562
2026-08-28,LKO10,SKU012,30
2026-08-28,LKO10,SKU013,547
2026-08-28,LKO10,SKU014,545
2026-08-28,LKO10,SKU015,636
2026-08-28,LKO10,SKU016,785
2026-08-28,LKO10,SKU017,841
2026-08-28,LKO10,SKU018,751
2026-08-29,LKO10,SKU001,28
2026-08-29,LKO10,SKU002,144
2026-08-29,LKO10,SKU003,52
2026-08-29,LKO10,SKU004,33
2026-08-29,LKO10,SKU005,16
2026-08-29,LKO10,SKU006,55
2026-08-29,LKO10,SKU007,22
2026-08-29,LKO10,SKU008,43
2026-08-29,LKO10,SKU009,283
2026-08-29,LKO10,SKU010,52
2026-08-29,LKO10,SKU011,567
2026-08-29,LKO10,SKU012,18
2026-08-29,LKO10,SKU013,552
2026-08-29,LKO10,SKU014,552
2026-08-29,LKO10,SKU015,665
2026-08-29,LKO10,SKU016,806
2026-08-29,LKO10,SKU017,855
2026-08-29,LKO10,SKU018,788
2026-08-30,LKO10,SKU001,40
2026-08-30,LKO10,SKU002,132
2026-08-30,LKO10,SKU003,39
2026-08-30,LKO10,SKU004,21
2026-08-30,LKO10,SKU005,31
2026-08-30,LKO10,SKU006,59
2026-08-30,LKO10,SKU007,23
2026-08-30,LKO10,SKU008,28
2026-08-30,LKO10,SKU009,281
2026-08-30,LKO10,SKU010,40
2026-08-30,LKO10,SKU011,589
2026-08-30,LKO10,SKU012,23
2026-08-30,LKO10,SKU013,558
2026-08-30,LKO10,SKU014,578
2026-08-30,LKO10,SKU015,676
2026-08-30,LKO10,SKU016,832
2026-08-30,LKO10,SKU017,890
2026-08-30,LKO10,SKU018,819
2026-08-01,LKO11,SKU001,95
2026-08-01,LKO11,SKU002,131
2026-08-01,LKO11,SKU003,94
2026-08-01,LKO11,SKU004,133
2026-08-01,LKO11,SKU005,145
2026-08-01,LKO11,SKU006,114
2026-08-01,LKO11,SKU007,100
2026-08-01,LKO11,SKU008,120
2026-08-01,LKO11,SKU009,99
2026-08-01,LKO11,SKU010,63
2026-08-01,LKO11,SKU011,128
2026-08-01,LKO11,SKU012,113
2026-08-01,LKO11,SKU013,91
2026-08-01,LKO11,SKU014,84
2026-08-01,LKO11,SKU015,129
2026-08-01,LKO11,SKU016,100
2026-08-01,LKO11,SKU017,108
2026-08-01,LKO11,SKU018,67
2026-08-02,LKO11,SKU001,47
2026-08-02,LKO11,SKU002,127
2026-08-02,LKO11,SKU003,84
2026-08-02,LKO11,SKU004,70
2026-08-02,LKO11,SKU005,108
2026-08-02,LKO11,SKU006,92
2026-08-02,LKO11,SKU007,68
2026-08-02,LKO11,SKU008,81
2026-08-02,LKO11,SKU009,100
2026-08-02,LKO11,SKU010,40
2026-08-02,LKO11,SKU011,129
2026-08-02,LKO11,SKU012,95
2026-08-02,LKO11,SKU013,94
2026-08-02,LKO11,SKU014,100
2026-08-02,LKO11,SKU015,147
2026-08-02,LKO11,SKU016,127
2026-08-02,LKO11,SKU017,124
2026-08-02,LKO11,SKU018,91
2026-08-03,LKO11,SKU001,33
2026-08-03,LKO11,SKU002,119
2026-08-03,LKO11,SKU003,63
2026-08-03,LKO11,SKU004,32
2026-08-03,LKO11,SKU005,64
2026-08-03,LKO11,SKU006,62
2026-08-03,LKO11,SKU007,34
2026-08-03,LKO11,SKU008,29
2026-08-03,LKO11,SKU009,98
2026-08-03,LKO11,SKU010,29
2026-08-03,LKO11,SKU011,140
2026-08-03,LKO11,SKU012,76
2026-08-03,LKO11,SKU013,101
2026-08-03,LKO11,SKU014,105
2026-08-03,LKO11,SKU015,167
2026-08-03,LKO11,SKU016,154
2026-08-03,LKO11,SKU017,148
2026-08-03,LKO11,SKU018,129
2026-08-04,LKO11,SKU001,25
2026-08-04,LKO11,SKU002,136
2026-08-04,LKO11,SKU003,63
2026-08-04,LKO11,SKU004,15
2026-08-04,LKO11,SKU005,31
2026-08-04,LKO11,SKU006,37
2026-08-04,LKO11,SKU007,17
2026-08-04,LKO11,SKU008,30
2026-08-04,LKO11,SKU009,91
2026-08-04,LKO11,SKU010,28
2026-08-04,LKO11,SKU011,164
2026-08-04,LKO11,SKU012,68
2026-08-04,LKO11,SKU013,126
2026-08-04,LKO11,SKU014,122
2026-08-04,LKO11,SKU015,193
2026-08-04,LKO11,SKU016,169
2026-08-04,LKO11,SKU017,167
2026-08-04,LKO11,SKU018,168
2026-08-05,LKO11,SKU001,40
2026-08-05,LKO11,SKU002,147
2026-08-05,LKO11,SKU003,61
2026-08-05,LKO11,SKU004,26
2026-08-05,LKO11,SKU005,26
2026-08-05,LKO11,SKU006,33
2026-08-05,LKO11,SKU007,19
2026-08-05,LKO11,SKU008,44
2026-08-05,LKO11,SKU009,86
2026-08-05,LKO11,SKU010,28
2026-08-05,LKO11,SKU011,182
2026-08-05,LKO11,SKU012,69
2026-08-05,LKO11,SKU013,154
2026-08-05,LKO11,SKU014,141
2026-08-05,LKO11,SKU015,201
2026-08-05,LKO11,SKU016,182
2026-08-05,LKO11,SKU017,176
2026-08-05,LKO11,SKU018,204
2026-08-06,LKO11,SKU001,27
2026-08-06,LKO11,SKU002,151
2026-08-06,LKO11,SKU003,76
2026-08-06,LKO11,SKU004,25
2026-08-06,LKO11,SKU005,23
2026-08-06,LKO11,SKU006,22
2026-08-06,LKO11,SKU007,36
2026-08-06,LKO11,SKU008,43
2026-08-06,LKO11,SKU009,95
2026-08-06,LKO11,SKU010,33
2026-08-06,LKO11,SKU011,193
2026-08-06,LKO11,SKU012,64
2026-08-06,LKO11,SKU013,152
2026-08-06,LKO11,SKU014,161
2026-08-06,LKO11,SKU015,227
2026-08-06,LKO11,SKU016,208
2026-08-06,LKO11,SKU017,183
2026-08-06,LKO11,SKU018,216
2026-08-07,LKO11,SKU001,21
2026-08-07,LKO11,SKU002,150
2026-08-07,LKO11,SKU003,75
2026-08-07,LKO11,SKU004,44
2026-08-07,LKO11,SKU005,28
2026-08-07,LKO11,SKU006,19
2026-08-07,LKO11,SKU007,24
2026-08-07,LKO11,SKU008,23
2026-08-07,LKO11,SKU009,93
2026-08-07,LKO11,SKU010,33
2026-08-07,LKO11,SKU011,223
2026-08-07,LKO11,SKU012,48
2026-08-07,LKO11,SKU013,167
2026-08-07,LKO11,SKU014,182
2026-08-07,LKO11,SKU015,241
2026-08-07,LKO11,SKU016,242
2026-08-07,LKO11,SKU017,221
2026-08-07,LKO11,SKU018,246
2026-08-08,LKO11,SKU001,22
2026-08-08,LKO11,SKU002,145
2026-08-08,LKO11,SKU003,79
2026-08-08,LKO11,SKU004,30
2026-08-08,LKO11,SKU005,19
2026-08-08,LKO11,SKU006,35
2026-08-08,LKO11,SKU007,33
2026-08-08,LKO11,SKU008,23
2026-08-08,LKO11,SKU009,105
2026-08-08,LKO11,SKU010,41
2026-08-08,LKO11,SKU011,254
2026-08-08,LKO11,SKU012,29
2026-08-08,LKO11,SKU013,192
2026-08-08,LKO11,SKU014,213
2026-08-08,LKO11,SKU015,276
2026-08-08,LKO11,SKU016,282
2026-08-08,LKO11,SKU017,260
2026-08-08,LKO11,SKU018,277
2026-08-09,LKO11,SKU001,24
2026-08-09,LKO11,SKU002,141
2026-08-09,LKO11,SKU003,65
2026-08-09,LKO11,SKU004,37
2026-08-09,LKO11,SKU005,22
2026-08-09,LKO11,SKU006,16
2026-08-09,LKO11,SKU007,21
2026-08-09,LKO11,SKU008,27
2026-08-09,LKO11,SKU009,120
2026-08-09,LKO11,SKU010,26
2026-08-09,LKO11,SKU011,269
2026-08-09,LKO11,SKU012,40
2026-08-09,LKO11,SKU013,206
2026-08-09,LKO11,SKU014,242
2026-08-09,LKO11,SKU015,278
2026-08-09,LKO11,SKU016,311
2026-08-09,LKO11,SKU017,295
2026-08-09,LKO11,SKU018,303
2026-08-10,LKO11,SKU001,40
2026-08-10,LKO11,SKU002,155
2026-08-10,LKO11,SKU003,61
2026-08-10,LKO11,SKU004,27
2026-08-10,LKO11,SKU005,39
2026-08-10,LKO11,SKU006,19
2026-08-10,LKO11,SKU007,43
2026-08-10,LKO11,SKU008,18
2026-08-10,LKO11,SKU009,124
2026-08-10,LKO11,SKU010,20
2026-08-10,LKO11,SKU011,268
2026-08-10,LKO11,SKU012,25
2026-08-10,LKO11,SKU013,226
2026-08-10,LKO11,SKU014,260
2026-08-10,LKO11,SKU015,301
2026-08-10,LKO11,SKU016,342
2026-08-10,LKO11,SKU017,304
2026-08-10,LKO11,SKU018,342
2026-08-11,LKO11,SKU001,20
2026-08-11,LKO11,SKU002,149
2026-08-11,LKO11,SKU003,72
2026-08-11,LKO11,SKU004,38
2026-08-11,LKO11,SKU005,30
2026-08-11,LKO11,SKU006,38
2026-08-11,LKO11,SKU007,26
2026-08-11,LKO11,SKU008,31
2026-08-11,LKO11,SKU009,136
2026-08-11,LKO11,SKU010,39
2026-08-11,LKO11,SKU011,296
2026-08-11,LKO11,SKU012,15
2026-08-11,LKO11,SKU013,221
2026-08-11,LKO11,SKU014,272
2026-08-11,LKO11,SKU015,313
2026-08-11,LKO11,SKU016,372
2026-08-11,LKO11,SKU017,319
2026-08-11,LKO11,SKU018,372
2026-08-12,LKO11,SKU001,29
2026-08-12,LKO11,SKU002,144
2026-08-12,LKO11,SKU003,58
2026-08-12,LKO11,SKU004,42
2026-08-12,LKO11,SKU005,41
2026-08-12,LKO11,SKU006,39
2026-08-12,LKO11,SKU007,36
2026-08-12,LKO11,SKU008,36
2026-08-12,LKO11,SKU009,137
2026-08-12,LKO11,SKU010,15
2026-08-12,LKO11,SKU011,321
2026-08-12,LKO11,SKU012,15
2026-08-12,LKO11,SKU013,247
2026-08-12,LKO11,SKU014,298
2026-08-12,LKO11,SKU015,322
2026-08-12,LKO11,SKU016,387
2026-08-12,LKO11,SKU017,345
2026-08-12,LKO11,SKU018,393
2026-08-13,LKO11,SKU001,28
2026-08-13,LKO11,SKU002,143
2026-08-13,LKO11,SKU003,41
2026-08-13,LKO11,SKU004,16
2026-08-13,LKO11,SKU005,23
2026-08-13,LKO11,SKU006,17
2026-08-13,LKO11,SKU007,28
2026-08-13,LKO11,SKU008,25
2026-08-13,LKO11,SKU009,137
2026-08-13,LKO11,SKU010,24
2026-08-13,LKO11,SKU011,344
2026-08-13,LKO11,SKU012,44
2026-08-13,LKO11,SKU013,250
2026-08-13,LKO11,SKU014,318
2026-08-13,LKO11,SKU015,344
2026-08-13,LKO11,SKU016,411
2026-08-13,LKO11,SKU017,370
2026-08-13,LKO11,SKU018,417
2026-08-14,LKO11,SKU001,33
2026-08-14,LKO11,SKU002,159
2026-08-14,LKO11,SKU003,41
2026-08-14,LKO11,SKU004,20
2026-08-14,LKO11,SKU005,24
2026-08-14,LKO11,SKU006,29
2026-08-14,LKO11,SKU007,28
2026-08-14,LKO11,SKU008,20
2026-08-14,LKO11,SKU009,135
2026-08-14,LKO11,SKU010,39
2026-08-14,LKO11,SKU011,372
2026-08-14,LKO11,SKU012,37
2026-08-14,LKO11,SKU013,266
2026-08-14,LKO11,SKU014,325
2026-08-14,LKO11,SKU015,372
2026-08-14,LKO11,SKU016,433
2026-08-14,LKO11,SKU017,383
2026-08-14,LKO11,SKU018,434
2026-08-15,LKO11,SKU001,37
2026-08-15,LKO11,SKU002,170
2026-08-15,LKO11,SKU003,20
2026-08-15,LKO11,SKU004,16
2026-08-15,LKO11,SKU005,21
2026-08-15,LKO11,SKU006,17
2026-08-15,LKO11,SKU007,39
2026-08-15,LKO11,SKU008,15
2026-08-15,LKO11,SKU009,143
2026-08-15,LKO11,SKU010,41
2026-08-15,LKO11,SKU011,400
2026-08-15,LKO11,SKU012,46
2026-08-15,LKO11,SKU013,284
2026-08-15,LKO11,SKU014,340
2026-08-15,LKO11,SKU015,382
2026-08-15,LKO11,SKU016,447
2026-08-15,LKO11,SKU017,407
2026-08-15,LKO11,SKU018,455
2026-08-16,LKO11,SKU001,26
2026-08-16,LKO11,SKU002,159
2026-08-16,LKO11,SKU003,43
2026-08-16,LKO11,SKU004,21
2026-08-16,LKO11,SKU005,16
2026-08-16,LKO11,SKU006,37
2026-08-16,LKO11,SKU007,26
2026-08-16,LKO11,SKU008,37
2026-08-16,LKO11,SKU009,133
2026-08-16,LKO11,SKU010,38
2026-08-16,LKO11,SKU011,415
2026-08-16,LKO11,SKU012,35
2026-08-16,LKO11,SKU013,304
2026-08-16,LKO11,SKU014,345
2026-08-16,LKO11,SKU015,405
2026-08-16,LKO11,SKU016,480
2026-08-16,LKO11,SKU017,440
2026-08-16,LKO11,SKU018,490
2026-08-17,LKO11,SKU001,19
2026-08-17,LKO11,SKU002,175
2026-08-17,LKO11,SKU003,29
2026-08-17,LKO11,SKU004,40
2026-08-17,LKO11,SKU005,28
2026-08-17,LKO11,SKU006,40
2026-08-17,LKO11,SKU007,16
2026-08-17,LKO11,SKU008,27
2026-08-17,LKO11,SKU009,136
2026-08-17,LKO11,SKU010,51
2026-08-17,LKO11,SKU011,433
2026-08-17,LKO11,SKU012,32
2026-08-17,LKO11,SKU013,315
2026-08-17,LKO11,SKU014,354
2026-08-17,LKO11,SKU015,410
2026-08-17,LKO11,SKU016,516
2026-08-17,LKO11,SKU017,464
2026-08-17,LKO11,SKU018,520
2026-08-18,LKO11,SKU001,16
2026-08-18,LKO11,SKU002,198
2026-08-18,LKO11,SKU003,23
2026-08-18,LKO11,SKU004,28
2026-08-18,LKO11,SKU005,32
2026-08-18,LKO11,SKU006,30
2026-08-18,LKO11,SKU007,44
2026-08-18,LKO11,SKU008,30
2026-08-18,LKO11,SKU009,143
2026-08-18,LKO11,SKU010,46
2026-08-18,LKO11,SKU011,439
2026-08-18,LKO11,SKU012,43
2026-08-18,LKO11,SKU013,336
2026-08-18,LKO11,SKU014,357
2026-08-18,LKO11,SKU015,446
2026-08-18,LKO11,SKU016,526
2026-08-18,LKO11,SKU017,489
2026-08-18,LKO11,SKU018,549
2026-08-19,LKO11,SKU001,15
2026-08-19,LKO11,SKU002,205
2026-08-19,LKO11,SKU003,28
2026-08-19,LKO11,SKU004,24
2026-08-19,LKO11,SKU005,42
2026-08-19,LKO11,SKU006,27
2026-08-19,LKO11,SKU007,44
2026-08-19,LKO11,SKU008,23
2026-08-19,LKO11,SKU009,150
2026-08-19,LKO11,SKU010,36
2026-08-19,LKO11,SKU011,461
2026-08-19,LKO11,SKU012,38
2026-08-19,LKO11,SKU013,357
2026-08-19,LKO11,SKU014,373
2026-08-19,LKO11,SKU015,457
2026-08-19,LKO11,SKU016,564
2026-08-19,LKO11,SKU017,509
2026-08-19,LKO11,SKU018,574
2026-08-20,LKO11,SKU001,19
2026-08-20,LKO11,SKU002,225
2026-08-20,LKO11,SKU003,30
2026-08-20,LKO11,SKU004,30
2026-08-20,LKO11,SKU005,26
2026-08-20,LKO11,SKU006,19
2026-08-20,LKO11,SKU007,34
2026-08-20,LKO11,SKU008,22
2026-08-20,LKO11,SKU009,168
2026-08-20,LKO11,SKU010,18
2026-08-20,LKO11,SKU011,472
2026-08-20,LKO11,SKU012,44
2026-08-20,LKO11,SKU013,366
2026-08-20,LKO11,SKU014,400
2026-08-20,LKO11,SKU015,475
2026-08-20,LKO11,SKU016,600
2026-08-20,LKO11,SKU017,531
2026-08-20,LKO11,SKU018,597
2026-08-21,LKO11,SKU001,32
2026-08-21,LKO11,SKU002,239
2026-08-21,LKO11,SKU003,37
2026-08-21,LKO11,SKU004,43
2026-08-21,LKO11,SKU005,18
2026-08-21,LKO11,SKU006,29
2026-08-21,LKO11,SKU007,24
2026-08-21,LKO11,SKU008,17
2026-08-21,LKO11,SKU009,161
2026-08-21,LKO11,SKU010,27
2026-08-21,LKO11,SKU011,495
2026-08-21,LKO11,SKU012,45
2026-08-21,LKO11,SKU013,383
2026-08-21,LKO11,SKU014,415
2026-08-21,LKO11,SKU015,495
2026-08-21,LKO11,SKU016,619
2026-08-21,LKO11,SKU017,546
2026-08-21,LKO11,SKU018,619
2026-08-22,LKO11,SKU001,41
2026-08-22,LKO11,SKU002,262
2026-08-22,LKO11,SKU003,37
2026-08-22,LKO11,SKU004,43
2026-08-22,LKO11,SKU005,37
2026-08-22,LKO11,SKU006,35
2026-08-22,LKO11,SKU007,21
2026-08-22,LKO11,SKU008,36
2026-08-22,LKO11,SKU009,170
2026-08-22,LKO11,SKU010,19
2026-08-22,LKO11,SKU011,511
2026-08-22,LKO11,SKU012,46
2026-08-22,LKO11,SKU013,410
2026-08-22,LKO11,SKU014,434
2026-08-22,LKO11,SKU015,502
2026-08-22,LKO11,SKU016,650
2026-08-22,LKO11,SKU017,557
2026-08-22,LKO11,SKU018,660
2026-08-23,LKO11,SKU001,41
2026-08-23,LKO11,SKU002,258
2026-08-23,LKO11,SKU003,37
2026-08-23,LKO11,SKU004,18
2026-08-23,LKO11,SKU005,26
2026-08-23,LKO11,SKU006,41
2026-08-23,LKO11,SKU007,22
2026-08-23,LKO11,SKU008,34
2026-08-23,LKO11,SKU009,172
2026-08-23,LKO11,SKU010,29
2026-08-23,LKO11,SKU011,529
2026-08-23,LKO11,SKU012,21
2026-08-23,LKO11,SKU013,417
2026-08-23,LKO11,SKU014,455
2026-08-23,LKO11,SKU015,528
2026-08-23,LKO11,SKU016,689
2026-08-23,LKO11,SKU017,567
2026-08-23,LKO11,SKU018,694
2026-08-24,LKO11,SKU001,42
2026-08-24,LKO11,SKU002,261
2026-08-24,LKO11,SKU003,36
2026-08-24,LKO11,SKU004,19
2026-08-24,LKO11,SKU005,41
2026-08-24,LKO11,SKU006,43
2026-08-24,LKO11,SKU007,43
2026-08-24,LKO11,SKU008,40
2026-08-24,LKO11,SKU009,162
2026-08-24,LKO11,SKU010,40
2026-08-24,LKO11,SKU011,536
2026-08-24,LKO11,SKU012,41
2026-08-24,LKO11,SKU013,434
2026-08-24,LKO11,SKU014,479
2026-08-24,LKO11,SKU015,541
2026-08-24,LKO11,SKU016,724
2026-08-24,LKO11,SKU017,592
2026-08-24,LKO11,SKU018,730
2026-08-25,LKO11,SKU001,26
2026-08-25,LKO11,SKU002,266
2026-08-25,LKO11,SKU003,25
2026-08-25,LKO11,SKU004,32
2026-08-25,LKO11,SKU005,33
2026-08-25,LKO11,SKU006,27
2026-08-25,LKO11,SKU007,27
2026-08-25,LKO11,SKU008,15
2026-08-25,LKO11,SKU009,162
2026-08-25,LKO11,SKU010,53
2026-08-25,LKO11,SKU011,552
2026-08-25,LKO11,SKU012,41
2026-08-25,LKO11,SKU013,439
2026-08-25,LKO11,SKU014,507
2026-08-25,LKO11,SKU015,559
2026-08-25,LKO11,SKU016,744
2026-08-25,LKO11,SKU017,617
2026-08-25,LKO11,SKU018,751
2026-08-26,LKO11,SKU001,42
2026-08-26,LKO11,SKU002,281
2026-08-26,LKO11,SKU003,38
2026-08-26,LKO11,SKU004,34
2026-08-26,LKO11,SKU005,41
2026-08-26,LKO11,SKU006,26
2026-08-26,LKO11,SKU007,29
2026-08-26,LKO11,SKU008,27
2026-08-26,LKO11,SKU009,163
2026-08-26,LKO11,SKU010,52
2026-08-26,LKO11,SKU011,566
2026-08-26,LKO11,SKU012,43
2026-08-26,LKO11,SKU013,439
2026-08-26,LKO11,SKU014,532
2026-08-26,LKO11,SKU015,582
2026-08-26,LKO11,SKU016,776
2026-08-26,LKO11,SKU017,629
2026-08-26,LKO11,SKU018,792
2026-08-27,LKO11,SKU001,21
2026-08-27,LKO11,SKU002,282
2026-08-27,LKO11,SKU003,41
2026-08-27,LKO11,SKU004,43
2026-08-27,LKO11,SKU005,17
2026-08-27,LKO11,SKU006,32
2026-08-27,LKO11,SKU007,41
2026-08-27,LKO11,SKU008,15
2026-08-27,LKO11,SKU009,176
2026-08-27,LKO11,SKU010,69
2026-08-27,LKO11,SKU011,579
2026-08-27,LKO11,SKU012,42
2026-08-27,LKO11,SKU013,446
2026-08-27,LKO11,SKU014,560
2026-08-27,LKO11,SKU015,606
2026-08-27,LKO11,SKU016,791
2026-08-27,LKO11,SKU017,661
2026-08-27,LKO11,SKU018,825
2026-08-28,LKO11,SKU001,42
2026-08-28,LKO11,SKU002,297
2026-08-28,LKO11,SKU003,56
2026-08-28,LKO11,SKU004,26
2026-08-28,LKO11,SKU005,19
2026-08-28,LKO11,SKU006,35
2026-08-28,LKO11,SKU007,43
2026-08-28,LKO11,SKU008,20
2026-08-28,LKO11,SKU009,169
2026-08-28,LKO11,SKU010,77
2026-08-28,LKO11,SKU011,593
2026-08-28,LKO11,SKU012,32
2026-08-28,LKO11,SKU013,477
2026-08-28,LKO11,SKU014,582
2026-08-28,LKO11,SKU015,631
2026-08-28,LKO11,SKU016,825
2026-08-28,LKO11,SKU017,699
2026-08-28,LKO11,SKU018,854
2026-08-29,LKO11,SKU001,42
2026-08-29,LKO11,SKU002,309
2026-08-29,LKO11,SKU003,70
2026-08-29,LKO11,SKU004,32
2026-08-29,LKO11,SKU005,30
2026-08-29,LKO11,SKU006,20
2026-08-29,LKO11,SKU007,33
2026-08-29,LKO11,SKU008,43
2026-08-29,LKO11,SKU009,183
2026-08-29,LKO11,SKU010,65
2026-08-29,LKO11,SKU011,607
2026-08-29,LKO11,SKU012,19
2026-08-29,LKO11,SKU013,492
2026-08-29,LKO11,SKU014,608
2026-08-29,LKO11,SKU015,645
2026-08-29,LKO11,SKU016,844
2026-08-29,LKO11,SKU017,737
2026-08-29,LKO11,SKU018,877
2026-08-30,LKO11,SKU001,39
2026-08-30,LKO11,SKU002,307
2026-08-30,LKO11,SKU003,63
2026-08-30,LKO11,SKU004,27
2026-08-30,LKO11,SKU005,32
2026-08-30,LKO11,SKU006,43
2026-08-30,LKO11,SKU007,29
2026-08-30,LKO11,SKU008,44
2026-08-30,LKO11,SKU009,200
2026-08-30,LKO11,SKU010,57
2026-08-30,LKO11,SKU011,625
2026-08-30,LKO11,SKU012,22
2026-08-30,LKO11,SKU013,514
2026-08-30,LKO11,SKU014,631
2026-08-30,LKO11,SKU015,662
2026-08-30,LKO11,SKU016,873
2026-08-30,LKO11,SKU017,769
2026-08-30,LKO11,SKU018,895
2026-08-01,LKO12,SKU001,71
2026-08-01,LKO12,SKU002,93
2026-08-01,LKO12,SKU003,87
2026-08-01,LKO12,SKU004,107
2026-08-01,LKO12,SKU005,91
2026-08-01,LKO12,SKU006,69
2026-08-01,LKO12,SKU007,90
2026-08-01,LKO12,SKU008,145
2026-08-01,LKO12,SKU009,143
2026-08-01,LKO12,SKU010,79
2026-08-01,LKO12,SKU011,68
2026-08-01,LKO12,SKU012,152
2026-08-01,LKO12,SKU013,103
2026-08-01,LKO12,SKU014,90
2026-08-01,LKO12,SKU015,97
2026-08-01,LKO12,SKU016,110
2026-08-01,LKO12,SKU017,118
2026-08-01,LKO12,SKU018,92
2026-08-02,LKO12,SKU001,33
2026-08-02,LKO12,SKU002,34
2026-08-02,LKO12,SKU003,42
2026-08-02,LKO12,SKU004,20
2026-08-02,LKO12,SKU005,32
2026-08-02,LKO12,SKU006,32
2026-08-02,LKO12,SKU007,32
2026-08-02,LKO12,SKU008,24
2026-08-02,LKO12,SKU009,122
2026-08-02,LKO12,SKU010,19
2026-08-02,LKO12,SKU011,84
2026-08-02,LKO12,SKU012,111
2026-08-02,LKO12,SKU013,68
2026-08-02,LKO12,SKU014,96
2026-08-02,LKO12,SKU015,126
2026-08-02,LKO12,SKU016,124
2026-08-02,LKO12,SKU017,115
2026-08-02,LKO12,SKU018,126
2026-08-03,LKO12,SKU001,21
2026-08-03,LKO12,SKU002,30
2026-08-03,LKO12,SKU003,25
2026-08-03,LKO12,SKU004,32
2026-08-03,LKO12,SKU005,42
2026-08-03,LKO12,SKU006,42
2026-08-03,LKO12,SKU007,23
2026-08-03,LKO12,SKU008,23
2026-08-03,LKO12,SKU009,81
2026-08-03,LKO12,SKU010,17
2026-08-03,LKO12,SKU011,72
2026-08-03,LKO12,SKU012,34
2026-08-03,LKO12,SKU013,58
2026-08-03,LKO12,SKU014,87
2026-08-03,LKO12,SKU015,134
2026-08-03,LKO12,SKU016,142
2026-08-03,LKO12,SKU017,140
2026-08-03,LKO12,SKU018,151
2026-08-04,LKO12,SKU001,15
2026-08-04,LKO12,SKU002,37
2026-08-04,LKO12,SKU003,16
2026-08-04,LKO12,SKU004,17
2026-08-04,LKO12,SKU005,40
2026-08-04,LKO12,SKU006,26
2026-08-04,LKO12,SKU007,38
2026-08-04,LKO12,SKU008,29
2026-08-04,LKO12,SKU009,78
2026-08-04,LKO12,SKU010,16
2026-08-04,LKO12,SKU011,52
2026-08-04,LKO12,SKU012,22
2026-08-04,LKO12,SKU013,51
2026-08-04,LKO12,SKU014,115
2026-08-04,LKO12,SKU015,137
2026-08-04,LKO12,SKU016,153
2026-08-04,LKO12,SKU017,160
2026-08-04,LKO12,SKU018,186
2026-08-05,LKO12,SKU001,38
2026-08-05,LKO12,SKU002,29
2026-08-05,LKO12,SKU003,39
2026-08-05,LKO12,SKU004,26
2026-08-05,LKO12,SKU005,38
2026-08-05,LKO12,SKU006,41
2026-08-05,LKO12,SKU007,20
2026-08-05,LKO12,SKU008,17
2026-08-05,LKO12,SKU009,73
2026-08-05,LKO12,SKU010,44
2026-08-05,LKO12,SKU011,64
2026-08-05,LKO12,SKU012,26
2026-08-05,LKO12,SKU013,39
2026-08-05,LKO12,SKU014,117
2026-08-05,LKO12,SKU015,143
2026-08-05,LKO12,SKU016,195
2026-08-05,LKO12,SKU017,187
2026-08-05,LKO12,SKU018,212
2026-08-06,LKO12,SKU001,38
2026-08-06,LKO12,SKU002,43
2026-08-06,LKO12,SKU003,32
2026-08-06,LKO12,SKU004,34
2026-08-06,LKO12,SKU005,38
2026-08-06,LKO12,SKU006,37
2026-08-06,LKO12,SKU007,41
2026-08-06,LKO12,SKU008,23
2026-08-06,LKO12,SKU009,64
2026-08-06,LKO12,SKU010,16
2026-08-06,LKO12,SKU011,57
2026-08-06,LKO12,SKU012,39
2026-08-06,LKO12,SKU013,32
2026-08-06,LKO12,SKU014,137
2026-08-06,LKO12,SKU015,168
2026-08-06,LKO12,SKU016,230
2026-08-06,LKO12,SKU017,201
2026-08-06,LKO12,SKU018,228
2026-08-07,LKO12,SKU001,22
2026-08-07,LKO12,SKU002,39
2026-08-07,LKO12,SKU003,41
2026-08-07,LKO12,SKU004,33
2026-08-07,LKO12,SKU005,32
2026-08-07,LKO12,SKU006,27
2026-08-07,LKO12,SKU007,44
2026-08-07,LKO12,SKU008,21
2026-08-07,LKO12,SKU009,55
2026-08-07,LKO12,SKU010,26
2026-08-07,LKO12,SKU011,60
2026-08-07,LKO12,SKU012,44
2026-08-07,LKO12,SKU013,32
2026-08-07,LKO12,SKU014,153
2026-08-07,LKO12,SKU015,170
2026-08-07,LKO12,SKU016,257
2026-08-07,LKO12,SKU017,222
2026-08-07,LKO12,SKU018,261
2026-08-08,LKO12,SKU001,42
2026-08-08,LKO12,SKU002,32
2026-08-08,LKO12,SKU003,29
2026-08-08,LKO12,SKU004,34
2026-08-08,LKO12,SKU005,26
2026-08-08,LKO12,SKU006,39
2026-08-08,LKO12,SKU007,44
2026-08-08,LKO12,SKU008,18
2026-08-08,LKO12,SKU009,42
2026-08-08,LKO12,SKU010,23
2026-08-08,LKO12,SKU011,48
2026-08-08,LKO12,SKU012,36
2026-08-08,LKO12,SKU013,29
2026-08-08,LKO12,SKU014,151
2026-08-08,LKO12,SKU015,198
2026-08-08,LKO12,SKU016,276
2026-08-08,LKO12,SKU017,232
2026-08-08,LKO12,SKU018,284
2026-08-09,LKO12,SKU001,33
2026-08-09,LKO12,SKU002,19
2026-08-09,LKO12,SKU003,37
2026-08-09,LKO12,SKU004,19
2026-08-09,LKO12,SKU005,33
2026-08-09,LKO12,SKU006,35
2026-08-09,LKO12,SKU007,34
2026-08-09,LKO12,SKU008,25
2026-08-09,LKO12,SKU009,25
2026-08-09,LKO12,SKU010,23
2026-08-09,LKO12,SKU011,55
2026-08-09,LKO12,SKU012,30
2026-08-09,LKO12,SKU013,27
2026-08-09,LKO12,SKU014,169
2026-08-09,LKO12,SKU015,213
2026-08-09,LKO12,SKU016,295
2026-08-09,LKO12,SKU017,245
2026-08-09,LKO12,SKU018,319
2026-08-10,LKO12,SKU001,20
2026-08-10,LKO12,SKU002,35
2026-08-10,LKO12,SKU003,34
2026-08-10,LKO12,SKU004,29
2026-08-10,LKO12,SKU005,28
2026-08-10,LKO12,SKU006,35
2026-08-10,LKO12,SKU007,33
2026-08-10,LKO12,SKU008,23
2026-08-10,LKO12,SKU009,29
2026-08-10,LKO12,SKU010,17
2026-08-10,LKO12,SKU011,53
2026-08-10,LKO12,SKU012,18
2026-08-10,LKO12,SKU013,44
2026-08-10,LKO12,SKU014,173
2026-08-10,LKO12,SKU015,226
2026-08-10,LKO12,SKU016,335
2026-08-10,LKO12,SKU017,272
2026-08-10,LKO12,SKU018,343
2026-08-11,LKO12,SKU001,31
2026-08-11,LKO12,SKU002,31
2026-08-11,LKO12,SKU003,27
2026-08-11,LKO12,SKU004,35
2026-08-11,LKO12,SKU005,25
2026-08-11,LKO12,SKU006,26
2026-08-11,LKO12,SKU007,27
2026-08-11,LKO12,SKU008,35
2026-08-11,LKO12,SKU009,17
2026-08-11,LKO12,SKU010,24
2026-08-11,LKO12,SKU011,55
2026-08-11,LKO12,SKU012,44
2026-08-11,LKO12,SKU013,55
2026-08-11,LKO12,SKU014,179
2026-08-11,LKO12,SKU015,249
2026-08-11,LKO12,SKU016,352
2026-08-11,LKO12,SKU017,303
2026-08-11,LKO12,SKU018,377
2026-08-12,LKO12,SKU001,41
2026-08-12,LKO12,SKU002,21
2026-08-12,LKO12,SKU003,18
2026-08-12,LKO12,SKU004,17
2026-08-12,LKO12,SKU005,22
2026-08-12,LKO12,SKU006,43
2026-08-12,LKO12,SKU007,27
2026-08-12,LKO12,SKU008,27
2026-08-12,LKO12,SKU009,25
2026-08-12,LKO12,SKU010,37
2026-08-12,LKO12,SKU011,62
2026-08-12,LKO12,SKU012,24
2026-08-12,LKO12,SKU013,53
2026-08-12,LKO12,SKU014,182
2026-08-12,LKO12,SKU015,273
2026-08-12,LKO12,SKU016,385
2026-08-12,LKO12,SKU017,326
2026-08-12,LKO12,SKU018,399
2026-08-13,LKO12,SKU001,42
2026-08-13,LKO12,SKU002,42
2026-08-13,LKO12,SKU003,20
2026-08-13,LKO12,SKU004,25
2026-08-13,LKO12,SKU005,33
2026-08-13,LKO12,SKU006,34
2026-08-13,LKO12,SKU007,31
2026-08-13,LKO12,SKU008,32
2026-08-13,LKO12,SKU009,16
2026-08-13,LKO12,SKU010,40
2026-08-13,LKO12,SKU011,59
2026-08-13,LKO12,SKU012,36
2026-08-13,LKO12,SKU013,59
2026-08-13,LKO12,SKU014,199
2026-08-13,LKO12,SKU015,296
2026-08-13,LKO12,SKU016,399
2026-08-13,LKO12,SKU017,343
2026-08-13,LKO12,SKU018,408
2026-08-14,LKO12,SKU001,33
2026-08-14,LKO12,SKU002,30
2026-08-14,LKO12,SKU003,25
2026-08-14,LKO12,SKU004,33
2026-08-14,LKO12,SKU005,23
2026-08-14,LKO12,SKU006,20
2026-08-14,LKO12,SKU007,41
2026-08-14,LKO12,SKU008,24
2026-08-14,LKO12,SKU009,23
2026-08-14,LKO12,SKU010,34
2026-08-14,LKO12,SKU011,59
2026-08-14,LKO12,SKU012,44
2026-08-14,LKO12,SKU013,76
2026-08-14,LKO12,SKU014,206
2026-08-14,LKO12,SKU015,304
2026-08-14,LKO12,SKU016,421
2026-08-14,LKO12,SKU017,358
2026-08-14,LKO12,SKU018,442
2026-08-15,LKO12,SKU001,43
2026-08-15,LKO12,SKU002,41
2026-08-15,LKO12,SKU003,37
2026-08-15,LKO12,SKU004,29
2026-08-15,LKO12,SKU005,33
2026-08-15,LKO12,SKU006,23
2026-08-15,LKO12,SKU007,28
2026-08-15,LKO12,SKU008,41
2026-08-15,LKO12,SKU009,27
2026-08-15,LKO12,SKU010,21
2026-08-15,LKO12,SKU011,51
2026-08-15,LKO12,SKU012,22
2026-08-15,LKO12,SKU013,73
2026-08-15,LKO12,SKU014,207
2026-08-15,LKO12,SKU015,334
2026-08-15,LKO12,SKU016,452
2026-08-15,LKO12,SKU017,366
2026-08-15,LKO12,SKU018,475
2026-08-16,LKO12,SKU001,17
2026-08-16,LKO12,SKU002,35
2026-08-16,LKO12,SKU003,31
2026-08-16,LKO12,SKU004,36
2026-08-16,LKO12,SKU005,16
2026-08-16,LKO12,SKU006,24
2026-08-16,LKO12,SKU007,32
2026-08-16,LKO12,SKU008,37
2026-08-16,LKO12,SKU009,31
2026-08-16,LKO12,SKU010,41
2026-08-16,LKO12,SKU011,42
2026-08-16,LKO12,SKU012,36
2026-08-16,LKO12,SKU013,68
2026-08-16,LKO12,SKU014,221
2026-08-16,LKO12,SKU015,337
2026-08-16,LKO12,SKU016,486
2026-08-16,LKO12,SKU017,395
2026-08-16,LKO12,SKU018,483
2026-08-17,LKO12,SKU001,44
2026-08-17,LKO12,SKU002,42
2026-08-17,LKO12,SKU003,18
2026-08-17,LKO12,SKU004,31
2026-08-17,LKO12,SKU005,36
2026-08-17,LKO12,SKU006,32
2026-08-17,LKO12,SKU007,28
2026-08-17,LKO12,SKU008,24
2026-08-17,LKO12,SKU009,15
2026-08-17,LKO12,SKU010,40
2026-08-17,LKO12,SKU011,36
2026-08-17,LKO12,SKU012,22
2026-08-17,LKO12,SKU013,64
2026-08-17,LKO12,SKU014,232
2026-08-17,LKO12,SKU015,346
2026-08-17,LKO12,SKU016,512
2026-08-17,LKO12,SKU017,426
2026-08-17,LKO12,SKU018,513
2026-08-18,LKO12,SKU001,40
2026-08-18,LKO12,SKU002,40
2026-08-18,LKO12,SKU003,15
2026-08-18,LKO12,SKU004,29
2026-08-18,LKO12,SKU005,23
2026-08-18,LKO12,SKU006,21
2026-08-18,LKO12,SKU007,16
2026-08-18,LKO12,SKU008,16
2026-08-18,LKO12,SKU009,28
2026-08-18,LKO12,SKU010,23
2026-08-18,LKO12,SKU011,46
2026-08-18,LKO12,SKU012,36
2026-08-18,LKO12,SKU013,52
2026-08-18,LKO12,SKU014,241
2026-08-18,LKO12,SKU015,360
2026-08-18,LKO12,SKU016,551
2026-08-18,LKO12,SKU017,454
2026-08-18,LKO12,SKU018,540
2026-08-19,LKO12,SKU001,35
2026-08-19,LKO12,SKU002,41
2026-08-19,LKO12,SKU003,42
2026-08-19,LKO12,SKU004,22
2026-08-19,LKO12,SKU005,17
2026-08-19,LKO12,SKU006,41
2026-08-19,LKO12,SKU007,38
2026-08-19,LKO12,SKU008,36
2026-08-19,LKO12,SKU009,15
2026-08-19,LKO12,SKU010,38
2026-08-19,LKO12,SKU011,39
2026-08-19,LKO12,SKU012,41
2026-08-19,LKO12,SKU013,52
2026-08-19,LKO12,SKU014,239
2026-08-19,LKO12,SKU015,373
2026-08-19,LKO12,SKU016,589
2026-08-19,LKO12,SKU017,479
2026-08-19,LKO12,SKU018,549
2026-08-20,LKO12,SKU001,34
2026-08-20,LKO12,SKU002,32
2026-08-20,LKO12,SKU003,30
2026-08-20,LKO12,SKU004,41
2026-08-20,LKO12,SKU005,18
2026-08-20,LKO12,SKU006,32
2026-08-20,LKO12,SKU007,22
2026-08-20,LKO12,SKU008,38
2026-08-20,LKO12,SKU009,18
2026-08-20,LKO12,SKU010,31
2026-08-20,LKO12,SKU011,37
2026-08-20,LKO12,SKU012,41
2026-08-20,LKO12,SKU013,69
2026-08-20,LKO12,SKU014,264
2026-08-20,LKO12,SKU015,385
2026-08-20,LKO12,SKU016,613
2026-08-20,LKO12,SKU017,491
2026-08-20,LKO12,SKU018,572
2026-08-21,LKO12,SKU001,24
2026-08-21,LKO12,SKU002,32
2026-08-21,LKO12,SKU003,17
2026-08-21,LKO12,SKU004,29
2026-08-21,LKO12,SKU005,17
2026-08-21,LKO12,SKU006,21
2026-08-21,LKO12,SKU007,42
2026-08-21,LKO12,SKU008,21
2026-08-21,LKO12,SKU009,33
2026-08-21,LKO12,SKU010,30
2026-08-21,LKO12,SKU011,55
2026-08-21,LKO12,SKU012,35
2026-08-21,LKO12,SKU013,77
2026-08-21,LKO12,SKU014,271
2026-08-21,LKO12,SKU015,414
2026-08-21,LKO12,SKU016,632
2026-08-21,LKO12,SKU017,507
2026-08-21,LKO12,SKU018,583
2026-08-22,LKO12,SKU001,40
2026-08-22,LKO12,SKU002,43
2026-08-22,LKO12,SKU003,29
2026-08-22,LKO12,SKU004,36
2026-08-22,LKO12,SKU005,30
2026-08-22,LKO12,SKU006,18
2026-08-22,LKO12,SKU007,40
2026-08-22,LKO12,SKU008,27
2026-08-22,LKO12,SKU009,42
2026-08-22,LKO12,SKU010,43
2026-08-22,LKO12,SKU011,70
2026-08-22,LKO12,SKU012,29
2026-08-22,LKO12,SKU013,78
2026-08-22,LKO12,SKU014,278
2026-08-22,LKO12,SKU015,423
2026-08-22,LKO12,SKU016,672
2026-08-22,LKO12,SKU017,529
2026-08-22,LKO12,SKU018,599
2026-08-23,LKO12,SKU001,39
2026-08-23,LKO12,SKU002,15
2026-08-23,LKO12,SKU003,28
2026-08-23,LKO12,SKU004,28
2026-08-23,LKO12,SKU005,20
2026-08-23,LKO12,SKU006,39
2026-08-23,LKO12,SKU007,15
2026-08-23,LKO12,SKU008,40
2026-08-23,LKO12,SKU009,15
2026-08-23,LKO12,SKU010,40
2026-08-23,LKO12,SKU011,80
2026-08-23,LKO12,SKU012,36
2026-08-23,LKO12,SKU013,87
2026-08-23,LKO12,SKU014,289
2026-08-23,LKO12,SKU015,438
2026-08-23,LKO12,SKU016,712
2026-08-23,LKO12,SKU017,544
2026-08-23,LKO12,SKU018,609
2026-08-24,LKO12,SKU001,16
2026-08-24,LKO12,SKU002,32
2026-08-24,LKO12,SKU003,43
2026-08-24,LKO12,SKU004,20
2026-08-24,LKO12,SKU005,37
2026-08-24,LKO12,SKU006,18
2026-08-24,LKO12,SKU007,35
2026-08-24,LKO12,SKU008,42
2026-08-24,LKO12,SKU009,26
2026-08-24,LKO12,SKU010,23
2026-08-24,LKO12,SKU011,71
2026-08-24,LKO12,SKU012,29
2026-08-24,LKO12,SKU013,94
2026-08-24,LKO12,SKU014,311
2026-08-24,LKO12,SKU015,458
2026-08-24,LKO12,SKU016,742
2026-08-24,LKO12,SKU017,558
2026-08-24,LKO12,SKU018,638
2026-08-25,LKO12,SKU001,33
2026-08-25,LKO12,SKU002,15
2026-08-25,LKO12,SKU003,15
2026-08-25,LKO12,SKU004,44
2026-08-25,LKO12,SKU005,29
2026-08-25,LKO12,SKU006,32
2026-08-25,LKO12,SKU007,44
2026-08-25,LKO12,SKU008,20
2026-08-25,LKO12,SKU009,17
2026-08-25,LKO12,SKU010,41
2026-08-25,LKO12,SKU011,63
2026-08-25,LKO12,SKU012,23
2026-08-25,LKO12,SKU013,116
2026-08-25,LKO12,SKU014,330
2026-08-25,LKO12,SKU015,469
2026-08-25,LKO12,SKU016,776
2026-08-25,LKO12,SKU017,573
2026-08-25,LKO12,SKU018,673
2026-08-26,LKO12,SKU001,39
2026-08-26,LKO12,SKU002,22
2026-08-26,LKO12,SKU003,34
2026-08-26,LKO12,SKU004,38
2026-08-26,LKO12,SKU005,24
2026-08-26,LKO12,SKU006,34
2026-08-26,LKO12,SKU007,17
2026-08-26,LKO12,SKU008,29
2026-08-26,LKO12,SKU009,23
2026-08-26,LKO12,SKU010,23
2026-08-26,LKO12,SKU011,54
2026-08-26,LKO12,SKU012,36
2026-08-26,LKO12,SKU013,118
2026-08-26,LKO12,SKU014,354
2026-08-26,LKO12,SKU015,479
2026-08-26,LKO12,SKU016,810
2026-08-26,LKO12,SKU017,600
2026-08-26,LKO12,SKU018,688
2026-08-27,LKO12,SKU001,40
2026-08-27,LKO12,SKU002,30
2026-08-27,LKO12,SKU003,15
2026-08-27,LKO12,SKU004,19
2026-08-27,LKO12,SKU005,33
2026-08-27,LKO12,SKU006,27
2026-08-27,LKO12,SKU007,23
2026-08-27,LKO12,SKU008,16
2026-08-27,LKO12,SKU009,39
2026-08-27,LKO12,SKU010,30
2026-08-27,LKO12,SKU011,48
2026-08-27,LKO12,SKU012,20
2026-08-27,LKO12,SKU013,103
2026-08-27,LKO12,SKU014,350
2026-08-27,LKO12,SKU015,481
2026-08-27,LKO12,SKU016,832
2026-08-27,LKO12,SKU017,628
2026-08-27,LKO12,SKU018,723
2026-08-28,LKO12,SKU001,35
2026-08-28,LKO12,SKU002,36
2026-08-28,LKO12,SKU003,42
2026-08-28,LKO12,SKU004,22
2026-08-28,LKO12,SKU005,23
2026-08-28,LKO12,SKU006,40
2026-08-28,LKO12,SKU007,40
2026-08-28,LKO12,SKU008,29
2026-08-28,LKO12,SKU009,35
2026-08-28,LKO12,SKU010,32
2026-08-28,LKO12,SKU011,49
2026-08-28,LKO12,SKU012,19
2026-08-28,LKO12,SKU013,103
2026-08-28,LKO12,SKU014,351
2026-08-28,LKO12,SKU015,495
2026-08-28,LKO12,SKU016,856
2026-08-28,LKO12,SKU017,641
2026-08-28,LKO12,SKU018,749
2026-08-29,LKO12,SKU001,41
2026-08-29,LKO12,SKU002,42
2026-08-29,LKO12,SKU003,43
2026-08-29,LKO12,SKU004,23
2026-08-29,LKO12,SKU005,19
2026-08-29,LKO12,SKU006,30
2026-08-29,LKO12,SKU007,41
2026-08-29,LKO12,SKU008,25
2026-08-29,LKO12,SKU009,41
2026-08-29,LKO12,SKU010,29
2026-08-29,LKO12,SKU011,53
2026-08-29,LKO12,SKU012,36
2026-08-29,LKO12,SKU013,110
2026-08-29,LKO12,SKU014,355
2026-08-29,LKO12,SKU015,511
2026-08-29,LKO12,SKU016,879
2026-08-29,LKO12,SKU017,680
2026-08-29,LKO12,SKU018,783
2026-08-30,LKO12,SKU001,23
2026-08-30,LKO12,SKU002,36
2026-08-30,LKO12,SKU003,26
2026-08-30,LKO12,SKU004,39
2026-08-30,LKO12,SKU005,15
2026-08-30,LKO12,SKU006,33
2026-08-30,LKO12,SKU007,41
2026-08-30,LKO12,SKU008,36
2026-08-30,LKO12,SKU009,37
2026-08-30,LKO12,SKU010,31
2026-08-30,LKO12,SKU011,47
2026-08-30,LKO12,SKU012,32
2026-08-30,LKO12,SKU013,95
2026-08-30,LKO12,SKU014,360
2026-08-30,LKO12,SKU015,527
2026-08-30,LKO12,SKU016,909
2026-08-30,LKO12,SKU017,695
2026-08-30,LKO12,SKU018,806
